participant_id,block,type,occurence,response_time,accuracy,MAD_rt
adrian_pilot,1.0,TrialDigitSpan,1.0,1.8170275700000005,1,
adrian_pilot,1.0,TrialDigitSpan,1.0,1.2952532800000045,1,
adrian_pilot,1.0,TrialDigitSpan,1.0,1.6393177499999965,1,
adrian_pilot,1.0,TrialDigitSpan,1.0,1.2309551200000044,1,
adrian_pilot,1.0,TrialDigitSpan,1.0,1.31978273,1,
adrian_pilot,1.0,TrialDigitSpan,1.0,1.5145076000000157,1,
adrian_pilot,1.0,TrialDigitSpan,1.0,1.7497934999999811,1,
adrian_pilot,1.0,TrialDigitSpan,1.0,1.584587599999992,1,
adrian_pilot,1.0,TrialDigitSpan,2.0,1.3993389999999408,1,
adrian_pilot,1.0,TrialDigitSpan,2.0,1.6237385000000015,1,
adrian_pilot,1.0,TrialDigitSpan,2.0,1.5946924000000993,1,
adrian_pilot,1.0,TrialDigitSpan,2.0,1.6826310000000149,1,
adrian_pilot,1.0,TrialDigitSpan,2.0,1.3077283000000648,1,
adrian_pilot,1.0,TrialDigitSpan,2.0,1.860451000000069,1,
adrian_pilot,1.0,TrialDigitSpan,2.0,1.8226856999999652,1,
adrian_pilot,1.0,TrialDigitSpan,2.0,1.1827361000000565,1,
adrian_pilot,1.0,TrialDigitSpan,2.0,1.8069780000000149,1,
adrian_pilot,1.0,TrialDigitSpan,3.0,1.090886100000148,1,
adrian_pilot,1.0,TrialDigitSpan,3.0,1.7567493999999897,1,
adrian_pilot,1.0,TrialDigitSpan,3.0,1.2740060999998375,1,
adrian_pilot,1.0,TrialDigitSpan,3.0,2.055300000000102,1,
adrian_pilot,1.0,TrialDigitSpan,3.0,2.518033499999888,1,
adrian_pilot,1.0,TrialDigitSpan,3.0,1.3234689999999318,1,
adrian_pilot,1.0,TrialDigitSpan,3.0,1.5525199999999586,1,
adrian_pilot,1.0,TrialDigitSpan,3.0,1.7945520000000668,1,
adrian_pilot,1.0,TrialSpatialRotation,1.0,2.6453602999999646,0,
adrian_pilot,1.0,TrialSpatialRotation,1.0,1.5283971000000065,0,
adrian_pilot,1.0,TrialSpatialRotation,1.0,1.8876562999999749,1,
adrian_pilot,1.0,TrialSpatialRotation,1.0,1.8321995999999672,1,
adrian_pilot,1.0,TrialSpatialRotation,1.0,1.667024400000031,1,
adrian_pilot,1.0,TrialSpatialRotation,1.0,1.7344115000000215,1,
adrian_pilot,1.0,TrialSpatialRotation,1.0,2.0078337999999576,1,
adrian_pilot,1.0,TrialSpatialRotation,1.0,1.846948899999944,1,
adrian_pilot,1.0,TrialSpatialRotation,1.0,1.585939900000028,1,
adrian_pilot,1.0,TrialSpatialRotation,2.0,1.9856705999999351,1,
adrian_pilot,1.0,TrialSpatialRotation,2.0,1.5520659000000023,1,
adrian_pilot,1.0,TrialSpatialRotation,2.0,2.2095057999999885,0,
adrian_pilot,1.0,TrialSpatialRotation,2.0,1.9590354000000616,1,
adrian_pilot,1.0,TrialSpatialRotation,2.0,2.059124900000029,0,
adrian_pilot,1.0,TrialSpatialRotation,2.0,1.914645000000064,0,
adrian_pilot,1.0,TrialSpatialRotation,2.0,1.98784709999984,0,
adrian_pilot,1.0,TrialSpatialRotation,3.0,1.9726495999999545,1,
adrian_pilot,1.0,TrialSpatialRotation,3.0,1.7615515999999616,1,
adrian_pilot,1.0,TrialSpatialRotation,3.0,1.596299399999907,0,
adrian_pilot,1.0,TrialSpatialRotation,3.0,1.9553352000000357,1,
adrian_pilot,1.0,TrialSpatialRotation,3.0,1.6435406000000512,1,
adrian_pilot,1.0,TrialSpatialRotation,3.0,1.9972712999999656,1,
adrian_pilot,1.0,TrialSpatialRotation,3.0,2.0397914000000132,1,
adrian_pilot,1.0,TrialSpatialRotation,3.0,2.4545803000000888,0,
adrian_pilot,1.0,TrialSpatialRotation,3.0,1.8522192000000357,1,
adrian_pilot,1.0,TrialSpatialSpan,1.0,2.8842244000000505,1,
adrian_pilot,1.0,TrialSpatialSpan,1.0,2.624699899999996,0,
adrian_pilot,1.0,TrialSpatialSpan,1.0,3.0,0,
adrian_pilot,1.0,TrialSpatialSpan,1.0,3.0,0,
adrian_pilot,1.0,TrialSpatialSpan,1.0,2.4997514999999453,1,
adrian_pilot,1.0,TrialSpatialSpan,1.0,3.0,0,
adrian_pilot,1.0,TrialSpatialSpan,1.0,1.9588326999999597,1,
adrian_pilot,1.0,TrialSpatialSpan,2.0,2.4237563999998883,1,
adrian_pilot,1.0,TrialSpatialSpan,2.0,1.900181700000076,1,
adrian_pilot,1.0,TrialSpatialSpan,2.0,1.642817299999933,1,
adrian_pilot,1.0,TrialSpatialSpan,2.0,1.8377796999999416,1,
adrian_pilot,1.0,TrialSpatialSpan,2.0,1.239211800000021,0,
adrian_pilot,1.0,TrialSpatialSpan,2.0,2.391163099999858,1,
adrian_pilot,1.0,TrialSpatialSpan,2.0,1.621268700000087,1,
adrian_pilot,1.0,TrialSpatialSpan,2.0,2.4543111000000413,1,
adrian_pilot,1.0,TrialSpatialSpan,3.0,1.4620816999999988,1,
adrian_pilot,1.0,TrialSpatialSpan,3.0,3.0,0,
adrian_pilot,1.0,TrialSpatialSpan,3.0,1.6531548999998904,1,
adrian_pilot,1.0,TrialSpatialSpan,3.0,2.765325799999914,1,
adrian_pilot,1.0,TrialSpatialSpan,3.0,1.752855599999975,1,
adrian_pilot,1.0,TrialSpatialSpan,3.0,1.5663569000001871,1,
adrian_pilot,1.0,TrialSpatialSpan,3.0,2.477758199999812,1,
adrian_pilot,1.0,TrialSpatialSpan,4.0,1.6614289999999985,1,
adrian_pilot,1.0,TrialSpatialSpan,4.0,2.0851760000000468,1,
adrian_pilot,1.0,TrialSpatialSpan,4.0,1.555998000000045,1,
adrian_pilot,1.0,TrialSpatialSpan,4.0,2.118394999999964,1,
adrian_pilot,2.0,TrialDigitSpan,1.0,1.2635619999998653,1,
adrian_pilot,2.0,TrialDigitSpan,1.0,2.1095530000002327,1,
adrian_pilot,2.0,TrialDigitSpan,1.0,1.3440600000001268,1,
adrian_pilot,2.0,TrialDigitSpan,1.0,1.6915379999998097,1,
adrian_pilot,2.0,TrialDigitSpan,1.0,1.7680059999997866,1,
adrian_pilot,2.0,TrialDigitSpan,1.0,1.0778129999998782,1,
adrian_pilot,2.0,TrialDigitSpan,2.0,2.4798989999999317,1,
adrian_pilot,2.0,TrialDigitSpan,2.0,2.004278000000113,1,
adrian_pilot,2.0,TrialDigitSpan,2.0,1.8543099999997141,1,
adrian_pilot,2.0,TrialDigitSpan,2.0,2.089435999999978,1,
adrian_pilot,2.0,TrialDigitSpan,2.0,2.4834940000000643,1,
adrian_pilot,2.0,TrialDigitSpan,2.0,1.1764069999999265,1,
adrian_pilot,2.0,TrialDigitSpan,2.0,2.0088490000000547,1,
adrian_pilot,2.0,TrialDigitSpan,2.0,1.1541839999999866,1,
adrian_pilot,2.0,TrialDigitSpan,2.0,1.549891000000116,1,
adrian_pilot,2.0,TrialDigitSpan,3.0,1.5454389999999876,1,
adrian_pilot,2.0,TrialDigitSpan,3.0,1.9944190000001072,1,
adrian_pilot,2.0,TrialDigitSpan,3.0,1.6947410000000218,1,
adrian_pilot,2.0,TrialDigitSpan,3.0,1.7573460000000978,1,
adrian_pilot,2.0,TrialDigitSpan,3.0,1.891556000000264,1,
adrian_pilot,2.0,TrialDigitSpan,3.0,1.676373999999896,1,
adrian_pilot,2.0,TrialDigitSpan,3.0,1.0421630000003006,1,
adrian_pilot,2.0,TrialDigitSpan,3.0,1.7206850000000031,1,
adrian_pilot,2.0,TrialSpatialRotation,1.0,2.279995999999983,1,
adrian_pilot,2.0,TrialSpatialRotation,1.0,2.6845659999999043,0,
adrian_pilot,2.0,TrialSpatialRotation,1.0,1.9094190000000708,1,
adrian_pilot,2.0,TrialSpatialRotation,1.0,2.703407000000197,1,
adrian_pilot,2.0,TrialSpatialRotation,1.0,1.9390339999997648,1,
adrian_pilot,2.0,TrialSpatialRotation,1.0,2.5222409999998945,1,
adrian_pilot,2.0,TrialSpatialRotation,1.0,2.4947250000000167,1,
adrian_pilot,2.0,TrialSpatialRotation,1.0,2.333357999999862,1,
adrian_pilot,2.0,TrialSpatialRotation,1.0,2.86756000000014,0,
adrian_pilot,2.0,TrialSpatialRotation,2.0,1.4676530000001549,1,
adrian_pilot,2.0,TrialSpatialRotation,2.0,2.0557680000001706,1,
adrian_pilot,2.0,TrialSpatialRotation,2.0,2.274289999999837,1,
adrian_pilot,2.0,TrialSpatialRotation,2.0,1.8072350000002189,1,
adrian_pilot,2.0,TrialSpatialRotation,2.0,1.7780240000001868,1,
adrian_pilot,2.0,TrialSpatialRotation,2.0,2.1969380000005003,1,
adrian_pilot,2.0,TrialSpatialRotation,2.0,2.2013130000000274,1,
adrian_pilot,2.0,TrialSpatialRotation,2.0,2.3226900000004207,1,
adrian_pilot,2.0,TrialSpatialSpan,1.0,3.0,0,
adrian_pilot,2.0,TrialSpatialSpan,1.0,1.3117810000001102,1,
adrian_pilot,2.0,TrialSpatialSpan,1.0,1.2093449999999848,1,
adrian_pilot,2.0,TrialSpatialSpan,1.0,2.4128430000000662,1,
adrian_pilot,2.0,TrialSpatialSpan,1.0,2.4134140000001025,1,
adrian_pilot,2.0,TrialSpatialSpan,2.0,3.0,0,
adrian_pilot,2.0,TrialSpatialSpan,2.0,1.9874589999999444,1,
adrian_pilot,2.0,TrialSpatialSpan,2.0,3.0,0,
adrian_pilot,2.0,TrialSpatialSpan,2.0,2.1116819999999734,1,
adrian_pilot,2.0,TrialSpatialSpan,2.0,2.8749269999998432,0,
adrian_pilot,2.0,TrialSpatialSpan,2.0,1.3634200000001329,1,
adrian_pilot,2.0,TrialSpatialSpan,2.0,2.36600999999996,1,
adrian_pilot,2.0,TrialSpatialSpan,2.0,3.0,0,
adrian_pilot,2.0,TrialSpatialSpan,2.0,1.811725999999908,1,
adrian_pilot,2.0,TrialSpatialSpan,3.0,3.0,0,
adrian_pilot,2.0,TrialSpatialSpan,3.0,3.0,0,
adrian_pilot,2.0,TrialSpatialSpan,3.0,1.1974689999999557,1,
adrian_pilot,2.0,TrialSpatialSpan,3.0,2.4410570000000007,1,
adrian_pilot,2.0,TrialSpatialSpan,3.0,1.5069989999997233,1,
adrian_pilot,2.0,TrialSpatialSpan,3.0,2.1046779999996943,1,
adrian_pilot,2.0,TrialSpatialSpan,3.0,2.639566000000059,1,
adrian_pilot,2.0,TrialSpatialSpan,4.0,2.8620810000002166,1,
adrian_pilot,2.0,TrialSpatialSpan,4.0,2.151834000000008,0,
adrian_pilot,2.0,TrialSpatialSpan,4.0,1.609655999999859,1,
adrian_pilot,2.0,TrialSpatialSpan,4.0,2.7299450000002707,0,
adrian_pilot,2.0,TrialSpatialSpan,4.0,2.2327389999998104,1,
adrian_pilot,2.0,TrialSpatialSpan,4.0,1.5807360000003428,1,
adrian_pilot,2.0,TrialSpatialSpan,5.0,2.917381000000205,1,
adrian_pilot,2.0,TrialSpatialSpan,5.0,1.3761070000000473,1,
adrian_pilot,2.0,TrialSpatialSpan,5.0,1.959027999999762,1,
adrian_pilot,3.0,TrialDigitSpan,1.0,1.8180620000002816,1,
adrian_pilot,3.0,TrialDigitSpan,1.0,1.0885419999999613,1,
adrian_pilot,3.0,TrialDigitSpan,1.0,1.1256050000001778,1,
adrian_pilot,3.0,TrialDigitSpan,1.0,1.684628999999859,1,
adrian_pilot,3.0,TrialDigitSpan,1.0,1.6943500000002132,1,
adrian_pilot,3.0,TrialDigitSpan,1.0,0.983390999999756,1,
adrian_pilot,3.0,TrialDigitSpan,1.0,1.6770140000003266,1,
adrian_pilot,3.0,TrialDigitSpan,2.0,2.0756670000000668,1,
adrian_pilot,3.0,TrialDigitSpan,2.0,1.8031710000000205,1,
adrian_pilot,3.0,TrialDigitSpan,2.0,1.4177340000001095,1,
adrian_pilot,3.0,TrialDigitSpan,2.0,1.2948280000000525,1,
adrian_pilot,3.0,TrialDigitSpan,2.0,1.7379460000001927,1,
adrian_pilot,3.0,TrialDigitSpan,2.0,1.9209489999998368,1,
adrian_pilot,3.0,TrialDigitSpan,2.0,2.0326200000004064,1,
adrian_pilot,3.0,TrialDigitSpan,2.0,1.8790079999998848,1,
adrian_pilot,3.0,TrialDigitSpan,2.0,1.6536499999997432,1,
adrian_pilot,3.0,TrialDigitSpan,3.0,1.7088040000003275,1,
adrian_pilot,3.0,TrialDigitSpan,3.0,1.3638540000006287,1,
adrian_pilot,3.0,TrialDigitSpan,3.0,1.5333779999996295,1,
adrian_pilot,3.0,TrialDigitSpan,3.0,1.3209539999998017,1,
adrian_pilot,3.0,TrialDigitSpan,3.0,1.136964000000262,1,
adrian_pilot,3.0,TrialDigitSpan,3.0,1.099271999999928,1,
adrian_pilot,3.0,TrialDigitSpan,3.0,0.8635930000000371,1,
adrian_pilot,3.0,TrialSpatialRotation,1.0,3.0,0,
adrian_pilot,3.0,TrialSpatialRotation,1.0,1.907717999999932,1,
adrian_pilot,3.0,TrialSpatialRotation,1.0,1.4914380000004712,1,
adrian_pilot,3.0,TrialSpatialRotation,1.0,1.5941119999993134,1,
adrian_pilot,3.0,TrialSpatialRotation,1.0,1.9201690000004417,1,
adrian_pilot,3.0,TrialSpatialRotation,1.0,2.0986019999995733,1,
adrian_pilot,3.0,TrialSpatialRotation,2.0,2.407895000000281,1,
adrian_pilot,3.0,TrialSpatialRotation,2.0,2.8651090000003023,0,
adrian_pilot,3.0,TrialSpatialRotation,2.0,2.9505050000002484,1,
adrian_pilot,3.0,TrialSpatialRotation,2.0,2.8591419999997925,0,
adrian_pilot,3.0,TrialSpatialRotation,2.0,1.716693000000305,1,
adrian_pilot,3.0,TrialSpatialRotation,2.0,1.6915339999995922,1,
adrian_pilot,3.0,TrialSpatialRotation,3.0,2.1860799999999467,1,
adrian_pilot,3.0,TrialSpatialRotation,3.0,1.872758000000431,1,
adrian_pilot,3.0,TrialSpatialRotation,3.0,1.5696350000002894,1,
adrian_pilot,3.0,TrialSpatialRotation,3.0,2.2392389999999978,1,
adrian_pilot,3.0,TrialSpatialRotation,3.0,2.6736869999999726,1,
adrian_pilot,3.0,TrialSpatialRotation,3.0,3.0,0,
adrian_pilot,3.0,TrialSpatialRotation,3.0,1.8994179999999687,1,
adrian_pilot,3.0,TrialSpatialRotation,3.0,1.1113239999999678,1,
adrian_pilot,3.0,TrialSpatialRotation,4.0,1.7582099999999627,1,
adrian_pilot,3.0,TrialSpatialRotation,4.0,2.4270810000002707,1,
adrian_pilot,3.0,TrialSpatialRotation,4.0,2.1493599999998882,0,
adrian_pilot,3.0,TrialSpatialSpan,1.0,2.045933999999761,0,
adrian_pilot,3.0,TrialSpatialSpan,1.0,2.8067109999997233,1,
adrian_pilot,3.0,TrialSpatialSpan,1.0,1.9008639999997283,1,
adrian_pilot,3.0,TrialSpatialSpan,1.0,1.700851000000057,1,
adrian_pilot,3.0,TrialSpatialSpan,2.0,2.160178999999971,0,
adrian_pilot,3.0,TrialSpatialSpan,2.0,2.072219000000132,1,
adrian_pilot,3.0,TrialSpatialSpan,2.0,1.4143110000004526,1,
adrian_pilot,3.0,TrialSpatialSpan,2.0,1.9201289999996332,1,
adrian_pilot,3.0,TrialSpatialSpan,2.0,3.0,0,
adrian_pilot,3.0,TrialSpatialSpan,2.0,1.7562330000000657,1,
adrian_pilot,3.0,TrialSpatialSpan,3.0,2.3326880000004167,1,
adrian_pilot,3.0,TrialSpatialSpan,3.0,2.6772980000000643,1,
adrian_pilot,3.0,TrialSpatialSpan,3.0,2.0891560000000027,1,
adrian_pilot,3.0,TrialSpatialSpan,3.0,2.76415599999973,1,
adrian_pilot,3.0,TrialSpatialSpan,3.0,2.163524999999936,1,
adrian_pilot,3.0,TrialSpatialSpan,3.0,0.9787190000001827,1,
adrian_pilot,3.0,TrialSpatialSpan,3.0,2.098696999999902,1,
adrian_pilot,3.0,TrialSpatialSpan,3.0,3.0,0,
adrian_pilot,3.0,TrialSpatialSpan,3.0,2.3399799999997413,1,
adrian_pilot,4.0,TrialDigitSpan,1.0,0.8776630000002115,1,
adrian_pilot,4.0,TrialDigitSpan,1.0,1.7549379999995836,1,
adrian_pilot,4.0,TrialDigitSpan,1.0,1.5757289999996829,1,
adrian_pilot,4.0,TrialDigitSpan,1.0,2.1489010000004782,1,
adrian_pilot,4.0,TrialDigitSpan,1.0,1.2039689999996879,1,
adrian_pilot,4.0,TrialDigitSpan,1.0,0.8694649999997637,1,
adrian_pilot,4.0,TrialDigitSpan,1.0,1.7590489999997772,1,
adrian_pilot,4.0,TrialDigitSpan,1.0,1.9113959999999681,1,
adrian_pilot,4.0,TrialDigitSpan,2.0,1.5279009999999291,1,
adrian_pilot,4.0,TrialDigitSpan,2.0,0.9252240000000712,1,
adrian_pilot,4.0,TrialDigitSpan,2.0,1.3982050000004165,1,
adrian_pilot,4.0,TrialDigitSpan,2.0,1.2618569999999636,1,
adrian_pilot,4.0,TrialDigitSpan,2.0,1.625503000000208,1,
adrian_pilot,4.0,TrialDigitSpan,2.0,1.9328740000005384,1,
adrian_pilot,4.0,TrialDigitSpan,2.0,1.643039999999928,1,
adrian_pilot,4.0,TrialDigitSpan,2.0,1.4716169999992417,1,
adrian_pilot,4.0,TrialDigitSpan,2.0,1.0752439999996568,1,
adrian_pilot,4.0,TrialDigitSpan,3.0,0.9476659999995718,1,
adrian_pilot,4.0,TrialDigitSpan,3.0,1.5684519999995246,1,
adrian_pilot,4.0,TrialDigitSpan,3.0,1.545791000000463,1,
adrian_pilot,4.0,TrialDigitSpan,3.0,1.8368430000000444,1,
adrian_pilot,4.0,TrialDigitSpan,3.0,0.9443259999998191,1,
adrian_pilot,4.0,TrialDigitSpan,3.0,1.469571999999971,1,
adrian_pilot,4.0,TrialDigitSpan,4.0,0.9174469999998108,1,
adrian_pilot,4.0,TrialDigitSpan,4.0,0.9086630000001604,1,
adrian_pilot,4.0,TrialDigitSpan,4.0,1.2578939999993963,1,
adrian_pilot,4.0,TrialSpatialRotation,1.0,1.3852430000001732,1,
adrian_pilot,4.0,TrialSpatialRotation,1.0,2.9277040000001766,0,
adrian_pilot,4.0,TrialSpatialRotation,1.0,2.7020740000002657,1,
adrian_pilot,4.0,TrialSpatialRotation,2.0,2.8082320000003165,1,
adrian_pilot,4.0,TrialSpatialRotation,2.0,2.0271520000005694,1,
adrian_pilot,4.0,TrialSpatialRotation,2.0,1.950662000000648,1,
adrian_pilot,4.0,TrialSpatialRotation,2.0,3.0,0,
adrian_pilot,4.0,TrialSpatialRotation,2.0,1.8910020000002987,1,
adrian_pilot,4.0,TrialSpatialRotation,2.0,2.198979999999665,1,
adrian_pilot,4.0,TrialSpatialRotation,2.0,3.0,0,
adrian_pilot,4.0,TrialSpatialRotation,2.0,2.0668500000001586,1,
adrian_pilot,4.0,TrialSpatialRotation,2.0,1.8847149999996875,1,
adrian_pilot,4.0,TrialSpatialRotation,3.0,1.7933640000001103,1,
adrian_pilot,4.0,TrialSpatialRotation,3.0,1.5340320000000247,1,
adrian_pilot,4.0,TrialSpatialRotation,3.0,2.473672999999508,1,
adrian_pilot,4.0,TrialSpatialRotation,3.0,1.9523819999999432,1,
adrian_pilot,4.0,TrialSpatialRotation,3.0,1.8724159999997028,1,
adrian_pilot,4.0,TrialSpatialRotation,3.0,1.2401919999997515,1,
adrian_pilot,4.0,TrialSpatialRotation,3.0,1.881160000000364,0,
adrian_pilot,4.0,TrialSpatialRotation,4.0,2.5584660000004082,1,
adrian_pilot,4.0,TrialSpatialRotation,4.0,2.478860999999597,1,
adrian_pilot,4.0,TrialSpatialRotation,4.0,2.8329439999997703,1,
adrian_pilot,4.0,TrialSpatialRotation,4.0,1.6083490000000893,1,
adrian_pilot,4.0,TrialSpatialRotation,4.0,2.146810999999616,1,
adrian_pilot,4.0,TrialSpatialRotation,4.0,2.7490689999995084,1,
adrian_pilot,4.0,TrialSpatialRotation,4.0,2.213551999999254,1,
adrian_pilot,4.0,TrialSpatialRotation,4.0,2.482192000000396,1,
adrian_pilot,4.0,TrialSpatialRotation,4.0,2.21791899999971,1,
adrian_pilot,4.0,TrialSpatialSpan,1.0,1.998744999999872,1,
adrian_pilot,4.0,TrialSpatialSpan,1.0,2.4052239999991802,0,
adrian_pilot,4.0,TrialSpatialSpan,1.0,2.2241299999996045,1,
adrian_pilot,4.0,TrialSpatialSpan,1.0,1.6243210000002364,1,
adrian_pilot,4.0,TrialSpatialSpan,1.0,1.9759710000003,1,
adrian_pilot,4.0,TrialSpatialSpan,1.0,1.5384369999997034,1,
adrian_pilot,4.0,TrialSpatialSpan,1.0,1.3704880000004778,1,
adrian_pilot,4.0,TrialSpatialSpan,2.0,2.3681090000004588,1,
adrian_pilot,4.0,TrialSpatialSpan,2.0,2.5631499999999505,0,
adrian_pilot,4.0,TrialSpatialSpan,2.0,1.6569339999996373,1,
adrian_pilot,4.0,TrialSpatialSpan,2.0,2.555569000000105,1,
adrian_pilot,4.0,TrialSpatialSpan,2.0,1.4315929999997934,1,
adrian_pilot,4.0,TrialSpatialSpan,2.0,1.861764000000221,1,
adrian_pilot,4.0,TrialSpatialSpan,2.0,1.4652259999993476,1,
boris_pilot2,1.0,TrialDigitSpan,1.0,1.8507663999999977,1,
boris_pilot2,1.0,TrialDigitSpan,1.0,1.2377510999999686,1,
boris_pilot2,1.0,TrialDigitSpan,1.0,1.8571588999999449,1,
boris_pilot2,1.0,TrialDigitSpan,1.0,1.5055472000001373,1,
boris_pilot2,1.0,TrialDigitSpan,1.0,1.6366342999999688,1,
boris_pilot2,1.0,TrialDigitSpan,1.0,1.2375972000000957,1,
boris_pilot2,1.0,TrialDigitSpan,2.0,1.3966140999998515,1,
boris_pilot2,1.0,TrialDigitSpan,2.0,1.3571451000000252,1,
boris_pilot2,1.0,TrialDigitSpan,2.0,1.591569899999854,1,
boris_pilot2,1.0,TrialDigitSpan,2.0,1.5195312999999262,1,
boris_pilot2,1.0,TrialDigitSpan,2.0,1.3874587999999903,1,
boris_pilot2,1.0,TrialDigitSpan,2.0,1.5880668999999443,1,
boris_pilot2,1.0,TrialDigitSpan,2.0,1.0496279999999842,1,
boris_pilot2,1.0,TrialDigitSpan,2.0,0.9296571999999514,1,
boris_pilot2,1.0,TrialDigitSpan,3.0,1.5011962000000951,1,
boris_pilot2,1.0,TrialDigitSpan,3.0,1.9234946000000264,1,
boris_pilot2,1.0,TrialDigitSpan,3.0,1.3797449999999571,1,
boris_pilot2,1.0,TrialSpatialRotation,1.0,1.9382021400000011,0,
boris_pilot2,1.0,TrialSpatialRotation,1.0,2.3211064400000008,1,
boris_pilot2,1.0,TrialSpatialRotation,1.0,1.7491717300000005,1,
boris_pilot2,1.0,TrialSpatialRotation,1.0,1.9361565100000035,1,
boris_pilot2,1.0,TrialSpatialRotation,1.0,1.4578167999999891,1,
boris_pilot2,1.0,TrialSpatialRotation,1.0,1.59667850000001,1,
boris_pilot2,1.0,TrialSpatialRotation,1.0,1.9272756000000013,0,
boris_pilot2,1.0,TrialSpatialRotation,1.0,2.2804367999999897,0,
boris_pilot2,1.0,TrialSpatialRotation,1.0,1.4276934000000097,1,
boris_pilot2,1.0,TrialSpatialRotation,2.0,1.659145100000046,1,
boris_pilot2,1.0,TrialSpatialRotation,2.0,1.7218798999999765,0,
boris_pilot2,1.0,TrialSpatialRotation,2.0,1.8071840000000063,1,
boris_pilot2,1.0,TrialSpatialRotation,2.0,2.0867302999999997,1,
boris_pilot2,1.0,TrialSpatialRotation,2.0,1.7361743000000158,1,
boris_pilot2,1.0,TrialSpatialRotation,2.0,1.1720159000000765,1,
boris_pilot2,1.0,TrialSpatialRotation,3.0,1.3288569000000052,0,
boris_pilot2,1.0,TrialSpatialRotation,3.0,1.8658763999999337,1,
boris_pilot2,1.0,TrialSpatialRotation,3.0,1.6722371000000749,0,
boris_pilot2,1.0,TrialSpatialRotation,3.0,2.217160199999853,1,
boris_pilot2,1.0,TrialSpatialRotation,3.0,1.4996083000000908,1,
boris_pilot2,1.0,TrialSpatialRotation,3.0,2.3237708000000343,1,
boris_pilot2,1.0,TrialSpatialSpan,1.0,1.8467139999999915,1,
boris_pilot2,1.0,TrialSpatialSpan,1.0,2.6625759000000078,1,
boris_pilot2,1.0,TrialSpatialSpan,1.0,2.136841600000025,1,
boris_pilot2,1.0,TrialSpatialSpan,1.0,1.6652976999999964,1,
boris_pilot2,1.0,TrialSpatialSpan,1.0,2.2194007999999883,1,
boris_pilot2,1.0,TrialSpatialSpan,1.0,2.4658549000000107,1,
boris_pilot2,1.0,TrialSpatialSpan,1.0,1.9370307999999452,1,
boris_pilot2,1.0,TrialSpatialSpan,1.0,1.687584099999981,1,
boris_pilot2,1.0,TrialSpatialSpan,1.0,3.0,0,
boris_pilot2,1.0,TrialSpatialSpan,2.0,2.048839600000065,1,
boris_pilot2,1.0,TrialSpatialSpan,2.0,1.8927529000000047,1,
boris_pilot2,1.0,TrialSpatialSpan,2.0,1.1417246000000318,1,
boris_pilot2,1.0,TrialSpatialSpan,2.0,2.1638221000000044,1,
boris_pilot2,1.0,TrialSpatialSpan,2.0,1.801627900000028,1,
boris_pilot2,1.0,TrialSpatialSpan,2.0,1.800123699999972,1,
boris_pilot2,1.0,TrialSpatialSpan,2.0,2.736671000000001,1,
boris_pilot2,1.0,TrialSpatialSpan,2.0,2.5430288999999675,1,
boris_pilot2,1.0,TrialSpatialSpan,2.0,1.8434881999999104,1,
boris_pilot2,1.0,TrialSpatialSpan,3.0,2.116238599999974,0,
boris_pilot2,1.0,TrialSpatialSpan,3.0,1.86905210000009,0,
boris_pilot2,1.0,TrialSpatialSpan,3.0,2.4968584000000646,0,
boris_pilot2,1.0,TrialSpatialSpan,3.0,2.357793799999968,1,
boris_pilot2,1.0,TrialSpatialSpan,3.0,1.5723136000000295,1,
boris_pilot2,1.0,TrialSpatialSpan,3.0,1.8400298999998768,0,
boris_pilot2,1.0,TrialSpatialSpan,4.0,1.585212399999932,1,
boris_pilot2,1.0,TrialSpatialSpan,4.0,1.756953999999837,1,
boris_pilot2,1.0,TrialSpatialSpan,4.0,2.2067984000001393,1,
boris_pilot2,1.0,TrialSpatialSpan,4.0,1.8263796999999613,1,
boris_pilot2,1.0,TrialSpatialSpan,4.0,2.560874000000126,1,
boris_pilot2,1.0,TrialSpatialSpan,4.0,1.8701688999999533,1,
boris_pilot2,2.0,TrialDigitSpan,1.0,1.438506999999845,1,
boris_pilot2,2.0,TrialDigitSpan,1.0,1.593028000000004,1,
boris_pilot2,2.0,TrialDigitSpan,1.0,1.4202479999999014,1,
boris_pilot2,2.0,TrialDigitSpan,1.0,1.572091999999884,1,
boris_pilot2,2.0,TrialDigitSpan,2.0,1.3991060000000743,1,
boris_pilot2,2.0,TrialDigitSpan,2.0,0.9262810000000172,1,
boris_pilot2,2.0,TrialDigitSpan,2.0,2.0862549999999374,1,
boris_pilot2,2.0,TrialDigitSpan,2.0,1.070225000000164,1,
boris_pilot2,2.0,TrialDigitSpan,2.0,0.8934439999998176,1,
boris_pilot2,2.0,TrialDigitSpan,2.0,1.5100330000000213,1,
boris_pilot2,2.0,TrialDigitSpan,2.0,1.08763799999997,1,
boris_pilot2,2.0,TrialDigitSpan,2.0,1.1601550000000316,1,
boris_pilot2,2.0,TrialDigitSpan,2.0,1.026157000000012,1,
boris_pilot2,2.0,TrialDigitSpan,3.0,1.5850299999999606,1,
boris_pilot2,2.0,TrialDigitSpan,3.0,1.2207570000000487,1,
boris_pilot2,2.0,TrialDigitSpan,3.0,1.7958280000000286,1,
boris_pilot2,2.0,TrialDigitSpan,3.0,1.1974950000001172,1,
boris_pilot2,2.0,TrialDigitSpan,3.0,1.5449620000001687,1,
boris_pilot2,2.0,TrialDigitSpan,3.0,2.198239999999714,1,
boris_pilot2,2.0,TrialDigitSpan,3.0,1.205635999999913,1,
boris_pilot2,2.0,TrialDigitSpan,3.0,1.162967000000208,1,
boris_pilot2,2.0,TrialDigitSpan,3.0,2.393675999999914,1,
boris_pilot2,2.0,TrialDigitSpan,4.0,1.2163299999999708,1,
boris_pilot2,2.0,TrialDigitSpan,4.0,1.3053570000001855,1,
boris_pilot2,2.0,TrialDigitSpan,4.0,1.168737000000192,1,
boris_pilot2,2.0,TrialDigitSpan,4.0,1.1927339999999729,1,
boris_pilot2,2.0,TrialDigitSpan,4.0,0.998318000000154,1,
boris_pilot2,2.0,TrialDigitSpan,4.0,1.6499250000001666,1,
boris_pilot2,2.0,TrialDigitSpan,4.0,1.5853259999998954,1,
boris_pilot2,2.0,TrialDigitSpan,4.0,1.036053999999922,1,
boris_pilot2,2.0,TrialSpatialRotation,1.0,1.7463040000000092,1,
boris_pilot2,2.0,TrialSpatialRotation,1.0,2.279920999999831,0,
boris_pilot2,2.0,TrialSpatialRotation,1.0,2.319936000000098,1,
boris_pilot2,2.0,TrialSpatialRotation,1.0,1.5763549999999211,1,
boris_pilot2,2.0,TrialSpatialRotation,1.0,2.146595000000161,1,
boris_pilot2,2.0,TrialSpatialRotation,1.0,1.20608100000004,1,
boris_pilot2,2.0,TrialSpatialRotation,1.0,1.7680210000000898,1,
boris_pilot2,2.0,TrialSpatialRotation,1.0,2.5857069999999567,1,
boris_pilot2,2.0,TrialSpatialRotation,2.0,1.6964869999997063,0,
boris_pilot2,2.0,TrialSpatialRotation,2.0,2.176307000000179,1,
boris_pilot2,2.0,TrialSpatialRotation,2.0,1.7928539999998063,1,
boris_pilot2,2.0,TrialSpatialRotation,2.0,2.0543249999998348,1,
boris_pilot2,2.0,TrialSpatialRotation,2.0,1.848591999999826,1,
boris_pilot2,2.0,TrialSpatialRotation,2.0,2.682171999999809,1,
boris_pilot2,2.0,TrialSpatialRotation,3.0,1.2773360000001048,1,
boris_pilot2,2.0,TrialSpatialRotation,3.0,1.7058999999999287,1,
boris_pilot2,2.0,TrialSpatialRotation,3.0,1.6094550000000254,1,
boris_pilot2,2.0,TrialSpatialRotation,3.0,1.6569399999998495,1,
boris_pilot2,2.0,TrialSpatialRotation,3.0,2.8127020000003995,1,
boris_pilot2,2.0,TrialSpatialRotation,3.0,1.6770839999999223,1,
boris_pilot2,2.0,TrialSpatialRotation,3.0,1.7731390000001284,1,
boris_pilot2,2.0,TrialSpatialRotation,3.0,1.5414660000001277,1,
boris_pilot2,2.0,TrialSpatialRotation,3.0,2.3160910000001422,1,
boris_pilot2,2.0,TrialSpatialSpan,1.0,1.8764340000000173,1,
boris_pilot2,2.0,TrialSpatialSpan,1.0,1.575399999999945,1,
boris_pilot2,2.0,TrialSpatialSpan,1.0,2.097391000000016,1,
boris_pilot2,2.0,TrialSpatialSpan,1.0,2.457691999999952,0,
boris_pilot2,2.0,TrialSpatialSpan,1.0,1.4145050000001902,1,
boris_pilot2,2.0,TrialSpatialSpan,1.0,2.156770000000052,1,
boris_pilot2,2.0,TrialSpatialSpan,1.0,1.0496789999999692,1,
boris_pilot2,2.0,TrialSpatialSpan,2.0,1.1859329999999773,1,
boris_pilot2,2.0,TrialSpatialSpan,2.0,2.204427000000124,1,
boris_pilot2,2.0,TrialSpatialSpan,2.0,1.4728390000000218,1,
boris_pilot2,2.0,TrialSpatialSpan,2.0,1.615519999999833,1,
boris_pilot2,2.0,TrialSpatialSpan,2.0,1.9861980000000583,1,
boris_pilot2,2.0,TrialSpatialSpan,2.0,1.5470969999998945,1,
boris_pilot2,2.0,TrialSpatialSpan,3.0,1.480594999999994,1,
boris_pilot2,2.0,TrialSpatialSpan,3.0,2.880313999999544,1,
boris_pilot2,2.0,TrialSpatialSpan,3.0,2.024155999999948,1,
boris_pilot2,3.0,TrialDigitSpan,1.0,1.443014000000403,1,
boris_pilot2,3.0,TrialDigitSpan,1.0,1.2388440000004266,1,
boris_pilot2,3.0,TrialDigitSpan,1.0,1.2671119999999974,1,
boris_pilot2,3.0,TrialDigitSpan,1.0,1.4503679999997985,1,
boris_pilot2,3.0,TrialDigitSpan,1.0,2.049391999999898,1,
boris_pilot2,3.0,TrialDigitSpan,1.0,1.657331999999769,1,
boris_pilot2,3.0,TrialDigitSpan,1.0,1.4959039999998822,1,
boris_pilot2,3.0,TrialDigitSpan,1.0,1.3427599999999984,1,
boris_pilot2,3.0,TrialDigitSpan,1.0,0.9398779999996804,1,
boris_pilot2,3.0,TrialDigitSpan,2.0,1.3664690000005066,1,
boris_pilot2,3.0,TrialDigitSpan,2.0,1.8507880000001933,1,
boris_pilot2,3.0,TrialDigitSpan,2.0,1.3153409999999894,1,
boris_pilot2,3.0,TrialDigitSpan,2.0,1.5565920000003644,1,
boris_pilot2,3.0,TrialDigitSpan,2.0,0.9572519999996985,1,
boris_pilot2,3.0,TrialDigitSpan,2.0,1.2560349999998834,1,
boris_pilot2,3.0,TrialDigitSpan,2.0,0.9436380000001918,1,
boris_pilot2,3.0,TrialDigitSpan,3.0,1.4726749999999809,1,
boris_pilot2,3.0,TrialDigitSpan,3.0,1.4174579999998969,1,
boris_pilot2,3.0,TrialDigitSpan,3.0,1.0971460000005209,1,
boris_pilot2,3.0,TrialDigitSpan,3.0,1.5095040000001063,1,
boris_pilot2,3.0,TrialDigitSpan,3.0,1.5838040000003275,1,
boris_pilot2,3.0,TrialDigitSpan,3.0,1.1105419999994408,1,
boris_pilot2,3.0,TrialDigitSpan,3.0,1.6765299999997296,1,
boris_pilot2,3.0,TrialDigitSpan,3.0,1.483176999999614,1,
boris_pilot2,3.0,TrialDigitSpan,3.0,0.921752999999626,1,
boris_pilot2,3.0,TrialSpatialRotation,1.0,1.2875989999997728,1,
boris_pilot2,3.0,TrialSpatialRotation,1.0,1.683314999999766,1,
boris_pilot2,3.0,TrialSpatialRotation,1.0,2.1892139999999927,1,
boris_pilot2,3.0,TrialSpatialRotation,1.0,1.8860489999997296,0,
boris_pilot2,3.0,TrialSpatialRotation,1.0,2.650380999999925,1,
boris_pilot2,3.0,TrialSpatialRotation,1.0,2.586718000000019,1,
boris_pilot2,3.0,TrialSpatialRotation,2.0,1.6592940000000451,1,
boris_pilot2,3.0,TrialSpatialRotation,2.0,2.43181900000036,1,
boris_pilot2,3.0,TrialSpatialRotation,2.0,2.0594249999999192,1,
boris_pilot2,3.0,TrialSpatialRotation,2.0,2.6004439999996976,1,
boris_pilot2,3.0,TrialSpatialRotation,2.0,1.226828999999725,1,
boris_pilot2,3.0,TrialSpatialRotation,2.0,1.2004359999996268,1,
boris_pilot2,3.0,TrialSpatialRotation,2.0,2.0195730000000367,1,
boris_pilot2,3.0,TrialSpatialRotation,2.0,1.546617999999853,0,
boris_pilot2,3.0,TrialSpatialRotation,2.0,2.740233999999873,1,
boris_pilot2,3.0,TrialSpatialRotation,3.0,1.9000530000002984,1,
boris_pilot2,3.0,TrialSpatialRotation,3.0,2.657397000000401,0,
boris_pilot2,3.0,TrialSpatialRotation,3.0,1.99669700000004,1,
boris_pilot2,3.0,TrialSpatialSpan,1.0,3.0,0,
boris_pilot2,3.0,TrialSpatialSpan,1.0,1.1931859999999688,1,
boris_pilot2,3.0,TrialSpatialSpan,1.0,2.0662780000002385,1,
boris_pilot2,3.0,TrialSpatialSpan,2.0,1.833404999999857,1,
boris_pilot2,3.0,TrialSpatialSpan,2.0,1.1913729999996576,1,
boris_pilot2,3.0,TrialSpatialSpan,2.0,1.9701350000004825,1,
boris_pilot2,3.0,TrialSpatialSpan,2.0,1.0370850000003884,1,
boris_pilot2,3.0,TrialSpatialSpan,2.0,2.3755540000001933,0,
boris_pilot2,3.0,TrialSpatialSpan,2.0,1.556786000000102,1,
boris_pilot2,3.0,TrialSpatialSpan,2.0,1.1299599999997554,1,
boris_pilot2,3.0,TrialSpatialSpan,3.0,2.113738000000012,0,
boris_pilot2,3.0,TrialSpatialSpan,3.0,2.2518699999995992,1,
boris_pilot2,3.0,TrialSpatialSpan,3.0,1.81675099999984,0,
boris_pilot2,3.0,TrialSpatialSpan,3.0,1.7768129999999474,1,
boris_pilot2,3.0,TrialSpatialSpan,3.0,1.7995529999998323,0,
boris_pilot2,3.0,TrialSpatialSpan,3.0,1.1577460000003157,1,
boris_pilot2,3.0,TrialSpatialSpan,3.0,2.5958140000002463,1,
boris_pilot2,3.0,TrialSpatialSpan,4.0,1.4447660000000724,1,
boris_pilot2,3.0,TrialSpatialSpan,4.0,1.3897850000003018,1,
boris_pilot2,3.0,TrialSpatialSpan,4.0,2.7105030000002444,0,
boris_pilot2,3.0,TrialSpatialSpan,4.0,2.450017000000116,1,
boris_pilot2,3.0,TrialSpatialSpan,4.0,1.7346910000001117,1,
boris_pilot2,3.0,TrialSpatialSpan,4.0,1.5988329999995583,1,
boris_pilot2,3.0,TrialSpatialSpan,4.0,1.8492909999999936,1,
boris_pilot2,3.0,TrialSpatialSpan,4.0,1.9398420000002259,1,
boris_pilot2,3.0,TrialSpatialSpan,4.0,1.219927000000098,1,
boris_pilot2,4.0,TrialDigitSpan,1.0,1.3182559999995649,1,
boris_pilot2,4.0,TrialDigitSpan,1.0,1.3698340000000826,1,
boris_pilot2,4.0,TrialDigitSpan,1.0,0.9294520000003104,1,
boris_pilot2,4.0,TrialDigitSpan,1.0,0.8456769999997958,1,
boris_pilot2,4.0,TrialDigitSpan,1.0,0.9142060000003768,1,
boris_pilot2,4.0,TrialDigitSpan,1.0,1.5354219999999261,1,
boris_pilot2,4.0,TrialDigitSpan,1.0,1.407286999999542,1,
boris_pilot2,4.0,TrialDigitSpan,2.0,1.299761999999646,1,
boris_pilot2,4.0,TrialDigitSpan,2.0,1.5343300000004092,1,
boris_pilot2,4.0,TrialDigitSpan,2.0,1.1540660000005118,1,
boris_pilot2,4.0,TrialDigitSpan,2.0,1.2659960000000865,1,
boris_pilot2,4.0,TrialDigitSpan,2.0,1.1454640000001746,1,
boris_pilot2,4.0,TrialDigitSpan,2.0,1.1509560000004058,1,
boris_pilot2,4.0,TrialDigitSpan,2.0,1.2758250000001679,1,
boris_pilot2,4.0,TrialDigitSpan,2.0,1.8574690000000371,1,
boris_pilot2,4.0,TrialDigitSpan,3.0,1.2680600000003324,1,
boris_pilot2,4.0,TrialDigitSpan,3.0,1.9585070000002816,1,
boris_pilot2,4.0,TrialDigitSpan,3.0,1.7509860000000117,1,
boris_pilot2,4.0,TrialDigitSpan,3.0,1.1722579999996017,1,
boris_pilot2,4.0,TrialDigitSpan,3.0,1.4535439999999653,1,
boris_pilot2,4.0,TrialDigitSpan,3.0,1.2847189999993134,1,
boris_pilot2,4.0,TrialDigitSpan,3.0,1.1745860000000905,1,
boris_pilot2,4.0,TrialSpatialRotation,1.0,2.792925000000196,1,
boris_pilot2,4.0,TrialSpatialRotation,1.0,1.5053929999999127,1,
boris_pilot2,4.0,TrialSpatialRotation,1.0,3.0,0,
boris_pilot2,4.0,TrialSpatialRotation,1.0,2.6273909999999887,0,
boris_pilot2,4.0,TrialSpatialRotation,2.0,1.6034220000001371,1,
boris_pilot2,4.0,TrialSpatialRotation,2.0,1.4303329999997914,1,
boris_pilot2,4.0,TrialSpatialRotation,2.0,2.8625330000008944,1,
boris_pilot2,4.0,TrialSpatialRotation,2.0,2.369232000000011,1,
boris_pilot2,4.0,TrialSpatialRotation,2.0,1.7505269999996926,1,
boris_pilot2,4.0,TrialSpatialRotation,2.0,2.498178999999709,1,
boris_pilot2,4.0,TrialSpatialRotation,2.0,1.895263000000341,1,
boris_pilot2,4.0,TrialSpatialRotation,3.0,1.7670210000001134,0,
boris_pilot2,4.0,TrialSpatialRotation,3.0,1.7352269999996683,1,
boris_pilot2,4.0,TrialSpatialRotation,3.0,2.8866350000002967,1,
boris_pilot2,4.0,TrialSpatialRotation,3.0,1.2183570000001964,1,
boris_pilot2,4.0,TrialSpatialRotation,3.0,1.2943869999994604,1,
boris_pilot2,4.0,TrialSpatialRotation,3.0,1.2639869999993607,1,
boris_pilot2,4.0,TrialSpatialRotation,3.0,1.3488880000004428,1,
boris_pilot2,4.0,TrialSpatialRotation,3.0,1.4842289999996865,1,
boris_pilot2,4.0,TrialSpatialRotation,3.0,2.3508529999999155,1,
boris_pilot2,4.0,TrialSpatialRotation,4.0,2.532354000000396,0,
boris_pilot2,4.0,TrialSpatialRotation,4.0,1.6301190000003771,1,
boris_pilot2,4.0,TrialSpatialRotation,4.0,1.6745350000001054,1,
boris_pilot2,4.0,TrialSpatialRotation,4.0,1.8244170000002669,1,
boris_pilot2,4.0,TrialSpatialRotation,4.0,1.5380380000001423,1,
boris_pilot2,4.0,TrialSpatialRotation,4.0,2.2589020000004894,0,
boris_pilot2,4.0,TrialSpatialRotation,4.0,1.4899000000000342,1,
boris_pilot2,4.0,TrialSpatialRotation,4.0,1.3843529999999191,1,
boris_pilot2,4.0,TrialSpatialRotation,5.0,1.617989999999736,0,
boris_pilot2,4.0,TrialSpatialRotation,5.0,1.5013940000008006,1,
boris_pilot2,4.0,TrialSpatialRotation,5.0,2.4305189999995487,1,
boris_pilot2,4.0,TrialSpatialRotation,5.0,2.793700000000172,1,
boris_pilot2,4.0,TrialSpatialSpan,1.0,2.0987560000003214,1,
boris_pilot2,4.0,TrialSpatialSpan,1.0,1.7846519999993689,1,
boris_pilot2,4.0,TrialSpatialSpan,1.0,1.8442529999992985,1,
boris_pilot2,4.0,TrialSpatialSpan,1.0,1.1400220000000445,1,
boris_pilot2,4.0,TrialSpatialSpan,1.0,2.127712999999403,0,
boris_pilot2,4.0,TrialSpatialSpan,1.0,1.7245049999996809,1,
boris_pilot2,4.0,TrialSpatialSpan,2.0,1.7974160000003394,1,
boris_pilot2,4.0,TrialSpatialSpan,2.0,1.7844809999996867,1,
boris_pilot2,4.0,TrialSpatialSpan,2.0,1.6057620000005954,1,
boris_pilot2,4.0,TrialSpatialSpan,2.0,2.681427999999414,1,
boris_pilot2,4.0,TrialSpatialSpan,2.0,1.828736999999819,1,
boris_pilot2,4.0,TrialSpatialSpan,2.0,3.0,0,
boris_pilot2,4.0,TrialSpatialSpan,2.0,1.6282890000002226,1,
boris_pilot2,4.0,TrialSpatialSpan,2.0,1.2880329999998141,1,
boris_pilot2,4.0,TrialSpatialSpan,2.0,2.6974420000001373,1,
marta_pilot,1.0,TrialDigitSpan,1.0,2.7216048000000232,1,
marta_pilot,1.0,TrialDigitSpan,1.0,1.987844199999984,1,
marta_pilot,1.0,TrialDigitSpan,1.0,1.9920502000001081,1,
marta_pilot,1.0,TrialDigitSpan,1.0,1.7860820999999305,1,
marta_pilot,1.0,TrialDigitSpan,1.0,2.2320629000000736,1,
marta_pilot,1.0,TrialDigitSpan,1.0,1.774468499999955,1,
marta_pilot,1.0,TrialDigitSpan,1.0,1.7793411999999762,1,
marta_pilot,1.0,TrialDigitSpan,1.0,1.7366437999999675,1,
marta_pilot,1.0,TrialDigitSpan,2.0,2.0432577999998784,1,
marta_pilot,1.0,TrialDigitSpan,2.0,2.1792381000000205,1,
marta_pilot,1.0,TrialDigitSpan,2.0,1.4223813999999493,1,
marta_pilot,1.0,TrialDigitSpan,2.0,2.6346839000000277,1,
marta_pilot,1.0,TrialDigitSpan,2.0,3.0,0,
marta_pilot,1.0,TrialDigitSpan,2.0,1.8000608000000966,1,
marta_pilot,1.0,TrialDigitSpan,2.0,1.8539657000000036,1,
marta_pilot,1.0,TrialSpatialRotation,1.0,2.226854089999996,1,
marta_pilot,1.0,TrialSpatialRotation,1.0,2.5884902499999995,0,
marta_pilot,1.0,TrialSpatialRotation,1.0,3.0,0,
marta_pilot,1.0,TrialSpatialRotation,1.0,1.379527809999999,1,
marta_pilot,1.0,TrialSpatialRotation,1.0,1.1461927900000006,0,
marta_pilot,1.0,TrialSpatialRotation,1.0,2.173626899999988,1,
marta_pilot,1.0,TrialSpatialRotation,1.0,2.0183973000000317,1,
marta_pilot,1.0,TrialSpatialRotation,1.0,2.1707160000000267,0,
marta_pilot,1.0,TrialSpatialRotation,1.0,1.4664849999999774,1,
marta_pilot,1.0,TrialSpatialRotation,2.0,2.2977359999999862,1,
marta_pilot,1.0,TrialSpatialRotation,2.0,2.5337390999999907,1,
marta_pilot,1.0,TrialSpatialRotation,2.0,2.369988200000023,1,
marta_pilot,1.0,TrialSpatialRotation,2.0,3.0,0,
marta_pilot,1.0,TrialSpatialRotation,2.0,2.489103500000056,1,
marta_pilot,1.0,TrialSpatialRotation,2.0,1.2988386000000105,0,
marta_pilot,1.0,TrialSpatialRotation,2.0,1.9681605999999758,0,
marta_pilot,1.0,TrialSpatialRotation,3.0,2.4364962999999307,1,
marta_pilot,1.0,TrialSpatialRotation,3.0,2.1588408999999733,1,
marta_pilot,1.0,TrialSpatialRotation,3.0,1.8476321999999072,1,
marta_pilot,1.0,TrialSpatialRotation,3.0,1.918988200000172,1,
marta_pilot,1.0,TrialSpatialRotation,3.0,2.3090736999998853,1,
marta_pilot,1.0,TrialSpatialRotation,3.0,0.6302552999999307,0,
marta_pilot,1.0,TrialSpatialRotation,3.0,1.1032787999999982,0,
marta_pilot,1.0,TrialSpatialRotation,3.0,0.9465509000001476,0,
marta_pilot,1.0,TrialSpatialRotation,4.0,1.6298485000000935,0,
marta_pilot,1.0,TrialSpatialRotation,4.0,2.124005600000146,1,
marta_pilot,1.0,TrialSpatialRotation,4.0,2.028036600000064,1,
marta_pilot,1.0,TrialSpatialRotation,4.0,1.958651300000156,1,
marta_pilot,1.0,TrialSpatialRotation,4.0,2.7324686000000606,1,
marta_pilot,1.0,TrialSpatialRotation,4.0,2.6380782000001086,1,
marta_pilot,1.0,TrialSpatialRotation,4.0,1.547770900000046,1,
marta_pilot,1.0,TrialSpatialSpan,1.0,2.1224745000000103,1,
marta_pilot,1.0,TrialSpatialSpan,1.0,2.4228868000000428,1,
marta_pilot,1.0,TrialSpatialSpan,1.0,1.5755683999999803,0,
marta_pilot,1.0,TrialSpatialSpan,1.0,2.4185701999999765,1,
marta_pilot,1.0,TrialSpatialSpan,1.0,2.0387551999999687,1,
marta_pilot,1.0,TrialSpatialSpan,1.0,3.0,0,
marta_pilot,1.0,TrialSpatialSpan,1.0,2.9583174999999926,1,
marta_pilot,1.0,TrialSpatialSpan,1.0,1.3374109000000092,1,
marta_pilot,1.0,TrialSpatialSpan,2.0,2.2528781000000317,1,
marta_pilot,1.0,TrialSpatialSpan,2.0,2.032583700000032,1,
marta_pilot,1.0,TrialSpatialSpan,2.0,2.381276600000092,0,
marta_pilot,1.0,TrialSpatialSpan,2.0,1.6808240000000296,1,
marta_pilot,1.0,TrialSpatialSpan,2.0,2.396106500000087,1,
marta_pilot,1.0,TrialSpatialSpan,2.0,2.12863399999992,0,
marta_pilot,1.0,TrialSpatialSpan,3.0,2.2354317000000488,1,
marta_pilot,1.0,TrialSpatialSpan,3.0,2.242663900000025,1,
marta_pilot,1.0,TrialSpatialSpan,3.0,1.9907956000000693,1,
marta_pilot,1.0,TrialSpatialSpan,3.0,3.0,0,
marta_pilot,1.0,TrialSpatialSpan,3.0,1.4075434000000089,1,
marta_pilot,1.0,TrialSpatialSpan,3.0,2.4878203999999187,0,
marta_pilot,1.0,TrialSpatialSpan,3.0,2.456527499999879,1,
marta_pilot,1.0,TrialSpatialSpan,4.0,2.368623699999944,1,
marta_pilot,1.0,TrialSpatialSpan,4.0,3.0,0,
marta_pilot,1.0,TrialSpatialSpan,4.0,2.508912999999893,1,
marta_pilot,1.0,TrialSpatialSpan,4.0,2.4517120000000427,0,
marta_pilot,2.0,TrialDigitSpan,1.0,2.823600999999826,0,
marta_pilot,2.0,TrialDigitSpan,1.0,1.8426359999998567,0,
marta_pilot,2.0,TrialDigitSpan,1.0,1.6595820000000003,1,
marta_pilot,2.0,TrialDigitSpan,1.0,1.6709639999999126,1,
marta_pilot,2.0,TrialDigitSpan,1.0,3.0,0,
marta_pilot,2.0,TrialDigitSpan,1.0,2.8357589999998254,1,
marta_pilot,2.0,TrialDigitSpan,1.0,1.7241790000000492,1,
marta_pilot,2.0,TrialDigitSpan,1.0,3.0,0,
marta_pilot,2.0,TrialDigitSpan,1.0,2.7193299999999,0,
marta_pilot,2.0,TrialDigitSpan,2.0,3.0,0,
marta_pilot,2.0,TrialDigitSpan,2.0,2.003517999999985,1,
marta_pilot,2.0,TrialDigitSpan,2.0,1.7870949999999084,1,
marta_pilot,2.0,TrialDigitSpan,2.0,2.250466999999844,1,
marta_pilot,2.0,TrialDigitSpan,2.0,1.732347000000118,1,
marta_pilot,2.0,TrialDigitSpan,2.0,2.887238000000025,1,
marta_pilot,2.0,TrialDigitSpan,3.0,2.611323000000084,1,
marta_pilot,2.0,TrialDigitSpan,3.0,1.4413970000000518,1,
marta_pilot,2.0,TrialDigitSpan,3.0,1.3961870000000545,1,
marta_pilot,2.0,TrialDigitSpan,3.0,2.302417000000105,1,
marta_pilot,2.0,TrialDigitSpan,3.0,2.2723479999999654,1,
marta_pilot,2.0,TrialDigitSpan,3.0,2.0443849999996933,0,
marta_pilot,2.0,TrialDigitSpan,3.0,3.0,0,
marta_pilot,2.0,TrialDigitSpan,3.0,2.865620000000036,1,
marta_pilot,2.0,TrialDigitSpan,3.0,1.801938000000064,1,
marta_pilot,2.0,TrialSpatialRotation,1.0,2.6972290000001067,1,
marta_pilot,2.0,TrialSpatialRotation,1.0,1.465253999999959,1,
marta_pilot,2.0,TrialSpatialRotation,1.0,2.930429000000231,0,
marta_pilot,2.0,TrialSpatialRotation,1.0,2.6526740000001614,1,
marta_pilot,2.0,TrialSpatialRotation,1.0,1.9464089999999032,1,
marta_pilot,2.0,TrialSpatialRotation,1.0,3.0,0,
marta_pilot,2.0,TrialSpatialRotation,1.0,2.788344999999936,0,
marta_pilot,2.0,TrialSpatialRotation,1.0,2.7277039999999038,1,
marta_pilot,2.0,TrialSpatialRotation,2.0,1.7810749999998734,0,
marta_pilot,2.0,TrialSpatialRotation,2.0,2.2045739999998655,1,
marta_pilot,2.0,TrialSpatialRotation,2.0,3.0,0,
marta_pilot,2.0,TrialSpatialRotation,2.0,2.220465000000104,1,
marta_pilot,2.0,TrialSpatialRotation,2.0,1.90190100000018,1,
marta_pilot,2.0,TrialSpatialRotation,2.0,2.5026049999999036,0,
marta_pilot,2.0,TrialSpatialRotation,2.0,2.503155000000106,0,
marta_pilot,2.0,TrialSpatialRotation,2.0,3.0,0,
marta_pilot,2.0,TrialSpatialRotation,2.0,1.1397479999998268,1,
marta_pilot,2.0,TrialSpatialSpan,1.0,1.1895990000000438,1,
marta_pilot,2.0,TrialSpatialSpan,1.0,1.169795000000022,1,
marta_pilot,2.0,TrialSpatialSpan,1.0,1.8307270000000244,1,
marta_pilot,2.0,TrialSpatialSpan,1.0,2.302145999999766,0,
marta_pilot,2.0,TrialSpatialSpan,1.0,2.5929969999999685,1,
marta_pilot,2.0,TrialSpatialSpan,2.0,2.6144930000000386,1,
marta_pilot,2.0,TrialSpatialSpan,2.0,3.0,0,
marta_pilot,2.0,TrialSpatialSpan,2.0,1.5482500000000528,0,
marta_pilot,2.0,TrialSpatialSpan,2.0,1.7260739999999262,1,
marta_pilot,2.0,TrialSpatialSpan,2.0,1.2628519999998389,0,
marta_pilot,2.0,TrialSpatialSpan,2.0,2.4251569999998988,1,
marta_pilot,2.0,TrialSpatialSpan,2.0,1.9837989999998624,0,
marta_pilot,2.0,TrialSpatialSpan,2.0,2.217499000000089,0,
marta_pilot,2.0,TrialSpatialSpan,2.0,2.2787479999999505,1,
marta_pilot,2.0,TrialSpatialSpan,3.0,2.0969300000001567,0,
marta_pilot,2.0,TrialSpatialSpan,3.0,2.0585870000002155,1,
marta_pilot,2.0,TrialSpatialSpan,3.0,1.900290999999925,1,
marta_pilot,2.0,TrialSpatialSpan,3.0,2.203402999999525,1,
marta_pilot,2.0,TrialSpatialSpan,3.0,2.0053629999999885,0,
marta_pilot,2.0,TrialSpatialSpan,3.0,2.359958000000006,1,
marta_pilot,2.0,TrialSpatialSpan,4.0,1.366507000000183,1,
marta_pilot,2.0,TrialSpatialSpan,4.0,2.6195079999997692,1,
marta_pilot,2.0,TrialSpatialSpan,4.0,2.3806909999998425,1,
marta_pilot,2.0,TrialSpatialSpan,4.0,2.260107000000062,1,
marta_pilot,2.0,TrialSpatialSpan,4.0,1.5190339999999196,1,
marta_pilot,2.0,TrialSpatialSpan,4.0,1.5779939999997623,1,
marta_pilot,2.0,TrialSpatialSpan,4.0,3.0,0,
marta_pilot,2.0,TrialSpatialSpan,4.0,1.4608530000000428,1,
marta_pilot,2.0,TrialSpatialSpan,5.0,1.1007769999996526,1,
marta_pilot,2.0,TrialSpatialSpan,5.0,2.083488999999645,1,
marta_pilot,2.0,TrialSpatialSpan,5.0,1.6140589999999977,1,
marta_pilot,2.0,TrialSpatialSpan,5.0,2.3226380000005515,0,
marta_pilot,3.0,TrialDigitSpan,1.0,1.8809339999997972,1,
marta_pilot,3.0,TrialDigitSpan,1.0,1.8836949999999888,0,
marta_pilot,3.0,TrialDigitSpan,1.0,1.633064000000104,1,
marta_pilot,3.0,TrialDigitSpan,1.0,1.4478140000001076,1,
marta_pilot,3.0,TrialDigitSpan,1.0,2.2930750000000444,1,
marta_pilot,3.0,TrialDigitSpan,1.0,1.798116000000391,1,
marta_pilot,3.0,TrialDigitSpan,1.0,2.5748029999999744,1,
marta_pilot,3.0,TrialDigitSpan,1.0,2.0674349999999317,1,
marta_pilot,3.0,TrialDigitSpan,2.0,1.738162000000102,1,
marta_pilot,3.0,TrialDigitSpan,2.0,2.1599390000001217,1,
marta_pilot,3.0,TrialDigitSpan,2.0,1.5177410000001146,1,
marta_pilot,3.0,TrialDigitSpan,2.0,1.255514000000403,1,
marta_pilot,3.0,TrialDigitSpan,2.0,1.6829339999999318,1,
marta_pilot,3.0,TrialDigitSpan,2.0,1.9083239999999928,1,
marta_pilot,3.0,TrialDigitSpan,2.0,1.7850499999999556,1,
marta_pilot,3.0,TrialDigitSpan,2.0,1.7556629999999132,1,
marta_pilot,3.0,TrialDigitSpan,2.0,2.038865000000442,1,
marta_pilot,3.0,TrialDigitSpan,3.0,1.2138359999999009,1,
marta_pilot,3.0,TrialDigitSpan,3.0,1.7513409999996838,1,
marta_pilot,3.0,TrialDigitSpan,3.0,2.133386999999857,1,
marta_pilot,3.0,TrialDigitSpan,3.0,2.15020400000003,1,
marta_pilot,3.0,TrialDigitSpan,3.0,2.203573999999662,1,
marta_pilot,3.0,TrialDigitSpan,3.0,2.7329549999999467,0,
marta_pilot,3.0,TrialDigitSpan,4.0,3.0,0,
marta_pilot,3.0,TrialDigitSpan,4.0,1.846929999999702,1,
marta_pilot,3.0,TrialDigitSpan,4.0,3.0,0,
marta_pilot,3.0,TrialDigitSpan,4.0,1.7787030000004052,1,
marta_pilot,3.0,TrialDigitSpan,4.0,2.2115439999997757,1,
marta_pilot,3.0,TrialDigitSpan,4.0,1.6039980000000469,1,
marta_pilot,3.0,TrialDigitSpan,4.0,1.4449349999999868,1,
marta_pilot,3.0,TrialDigitSpan,4.0,1.3355499999997846,1,
marta_pilot,3.0,TrialSpatialRotation,1.0,1.8082919999997105,1,
marta_pilot,3.0,TrialSpatialRotation,1.0,2.7087989999999986,1,
marta_pilot,3.0,TrialSpatialRotation,1.0,2.0763440000000633,1,
marta_pilot,3.0,TrialSpatialRotation,1.0,2.5274079999999235,0,
marta_pilot,3.0,TrialSpatialRotation,1.0,1.4409350000000811,1,
marta_pilot,3.0,TrialSpatialRotation,1.0,2.241078000000016,0,
marta_pilot,3.0,TrialSpatialRotation,1.0,3.0,0,
marta_pilot,3.0,TrialSpatialRotation,1.0,1.5642079999997804,1,
marta_pilot,3.0,TrialSpatialRotation,2.0,2.507897999999841,1,
marta_pilot,3.0,TrialSpatialRotation,2.0,2.5484029999997797,1,
marta_pilot,3.0,TrialSpatialRotation,2.0,1.7450410000001284,1,
marta_pilot,3.0,TrialSpatialRotation,2.0,1.3745350000003782,1,
marta_pilot,3.0,TrialSpatialRotation,2.0,1.7270469999998568,1,
marta_pilot,3.0,TrialSpatialRotation,2.0,2.513589000000138,0,
marta_pilot,3.0,TrialSpatialRotation,2.0,1.784189000000424,1,
marta_pilot,3.0,TrialSpatialRotation,3.0,2.287639999999556,0,
marta_pilot,3.0,TrialSpatialRotation,3.0,2.121392000000469,0,
marta_pilot,3.0,TrialSpatialRotation,3.0,2.396197000000029,1,
marta_pilot,3.0,TrialSpatialRotation,3.0,2.357633999999962,1,
marta_pilot,3.0,TrialSpatialRotation,3.0,1.841817999999876,1,
marta_pilot,3.0,TrialSpatialRotation,3.0,2.035346999999547,1,
marta_pilot,3.0,TrialSpatialSpan,1.0,1.9045060000003105,1,
marta_pilot,3.0,TrialSpatialSpan,1.0,1.3144050000000789,1,
marta_pilot,3.0,TrialSpatialSpan,1.0,1.294620000000123,1,
marta_pilot,3.0,TrialSpatialSpan,1.0,1.8523719999998318,1,
marta_pilot,3.0,TrialSpatialSpan,1.0,2.0988400000001093,1,
marta_pilot,3.0,TrialSpatialSpan,2.0,2.193361000000096,0,
marta_pilot,3.0,TrialSpatialSpan,2.0,1.9281849999997576,1,
marta_pilot,3.0,TrialSpatialSpan,2.0,2.424380999999812,1,
marta_pilot,3.0,TrialSpatialSpan,2.0,1.8943810000000667,1,
marta_pilot,3.0,TrialSpatialSpan,2.0,2.690055999999913,1,
marta_pilot,3.0,TrialSpatialSpan,2.0,2.094449000000168,1,
marta_pilot,3.0,TrialSpatialSpan,2.0,2.19882699999971,1,
marta_pilot,3.0,TrialSpatialSpan,2.0,2.495476999999937,1,
marta_pilot,3.0,TrialSpatialSpan,3.0,1.2470379999999752,0,
marta_pilot,3.0,TrialSpatialSpan,3.0,2.4107629999998608,0,
marta_pilot,3.0,TrialSpatialSpan,3.0,1.7856780000001888,1,
marta_pilot,4.0,TrialDigitSpan,1.0,1.2381510000009257,1,
marta_pilot,4.0,TrialDigitSpan,1.0,2.321735999999873,1,
marta_pilot,4.0,TrialDigitSpan,1.0,1.7889629999995122,1,
marta_pilot,4.0,TrialDigitSpan,1.0,1.6981499999997143,1,
marta_pilot,4.0,TrialDigitSpan,1.0,1.7778830000002015,1,
marta_pilot,4.0,TrialDigitSpan,1.0,1.8823139999999512,1,
marta_pilot,4.0,TrialDigitSpan,1.0,2.1563909999995303,1,
marta_pilot,4.0,TrialDigitSpan,1.0,2.2809760000004644,1,
marta_pilot,4.0,TrialDigitSpan,1.0,2.3215220000001864,1,
marta_pilot,4.0,TrialDigitSpan,2.0,2.386100000000169,1,
marta_pilot,4.0,TrialDigitSpan,2.0,1.396155999999337,1,
marta_pilot,4.0,TrialDigitSpan,2.0,1.8606850000001032,1,
marta_pilot,4.0,TrialDigitSpan,2.0,2.869343999999728,1,
marta_pilot,4.0,TrialDigitSpan,2.0,1.5260109999999258,1,
marta_pilot,4.0,TrialDigitSpan,2.0,1.5227920000002086,1,
marta_pilot,4.0,TrialDigitSpan,2.0,3.0,0,
marta_pilot,4.0,TrialDigitSpan,2.0,1.8667999999997849,1,
marta_pilot,4.0,TrialDigitSpan,3.0,1.3407569999999396,1,
marta_pilot,4.0,TrialDigitSpan,3.0,1.5906809999996767,1,
marta_pilot,4.0,TrialDigitSpan,3.0,1.5861599999989269,1,
marta_pilot,4.0,TrialDigitSpan,3.0,1.2491719999998168,1,
marta_pilot,4.0,TrialDigitSpan,3.0,1.293644999999742,1,
marta_pilot,4.0,TrialDigitSpan,3.0,2.651821000000382,1,
marta_pilot,4.0,TrialDigitSpan,3.0,1.8975140000002284,1,
marta_pilot,4.0,TrialDigitSpan,3.0,2.359504000000016,1,
marta_pilot,4.0,TrialDigitSpan,3.0,1.0417580000003002,1,
marta_pilot,4.0,TrialSpatialRotation,1.0,2.5359689999995685,1,
marta_pilot,4.0,TrialSpatialRotation,1.0,1.5689200000006167,1,
marta_pilot,4.0,TrialSpatialRotation,1.0,1.2259979999998905,1,
marta_pilot,4.0,TrialSpatialRotation,1.0,1.424739999999474,0,
marta_pilot,4.0,TrialSpatialRotation,1.0,1.6289129999995566,1,
marta_pilot,4.0,TrialSpatialRotation,1.0,2.574779000000035,0,
marta_pilot,4.0,TrialSpatialRotation,1.0,1.73690600000009,1,
marta_pilot,4.0,TrialSpatialRotation,1.0,1.6304190000000744,1,
marta_pilot,4.0,TrialSpatialRotation,2.0,1.2857469999999012,1,
marta_pilot,4.0,TrialSpatialRotation,2.0,2.011422999999468,0,
marta_pilot,4.0,TrialSpatialRotation,2.0,1.4363129999992452,0,
marta_pilot,4.0,TrialSpatialRotation,2.0,2.297200999999859,1,
marta_pilot,4.0,TrialSpatialRotation,2.0,1.9101700000001076,1,
marta_pilot,4.0,TrialSpatialRotation,2.0,1.6575490000000173,1,
marta_pilot,4.0,TrialSpatialRotation,2.0,1.5450609999998048,1,
marta_pilot,4.0,TrialSpatialRotation,3.0,1.3819940000003044,1,
marta_pilot,4.0,TrialSpatialRotation,3.0,1.614334000000781,0,
marta_pilot,4.0,TrialSpatialRotation,3.0,2.3963089999997464,0,
marta_pilot,4.0,TrialSpatialRotation,3.0,1.6720739999991563,1,
marta_pilot,4.0,TrialSpatialRotation,3.0,2.589776000000711,1,
marta_pilot,4.0,TrialSpatialRotation,3.0,1.269717000000128,1,
marta_pilot,4.0,TrialSpatialRotation,3.0,1.8684510000002772,1,
marta_pilot,4.0,TrialSpatialRotation,4.0,1.2095620000000054,0,
marta_pilot,4.0,TrialSpatialRotation,4.0,1.5759050000006027,1,
marta_pilot,4.0,TrialSpatialRotation,4.0,1.333317999999963,1,
marta_pilot,4.0,TrialSpatialRotation,4.0,2.1805530000001454,1,
marta_pilot,4.0,TrialSpatialSpan,1.0,1.701101999999537,1,
marta_pilot,4.0,TrialSpatialSpan,1.0,1.4917289999998502,0,
marta_pilot,4.0,TrialSpatialSpan,1.0,1.3791219999998248,1,
marta_pilot,4.0,TrialSpatialSpan,2.0,2.305965999999444,0,
marta_pilot,4.0,TrialSpatialSpan,2.0,1.9063810000002377,0,
marta_pilot,4.0,TrialSpatialSpan,2.0,1.3749229999993986,1,
marta_pilot,4.0,TrialSpatialSpan,2.0,1.5936999999998989,1,
marta_pilot,4.0,TrialSpatialSpan,2.0,1.8595080000000053,1,
marta_pilot,4.0,TrialSpatialSpan,2.0,2.199487999999292,1,
marta_pilot,4.0,TrialSpatialSpan,2.0,3.0,0,
marta_pilot,4.0,TrialSpatialSpan,3.0,1.7933390000002871,1,
marta_pilot,4.0,TrialSpatialSpan,3.0,2.116971000000376,1,
marta_pilot,4.0,TrialSpatialSpan,3.0,2.168746999999712,1,
marta_pilot,4.0,TrialSpatialSpan,3.0,1.2663730000003852,1,
marta_pilot,4.0,TrialSpatialSpan,3.0,2.018120000000181,1,
marta_pilot,4.0,TrialSpatialSpan,3.0,2.5475959999998845,1,
marta_pilot,4.0,TrialSpatialSpan,3.0,2.8853680000001987,1,
marta_pilot,4.0,TrialSpatialSpan,3.0,3.0,0,
paul_pilot,1.0,TrialDigitSpan,1.0,2.0558328999999844,1,
paul_pilot,1.0,TrialDigitSpan,1.0,3.0,0,
paul_pilot,1.0,TrialDigitSpan,1.0,1.5975416000000564,1,
paul_pilot,1.0,TrialDigitSpan,1.0,2.2389503999999647,1,
paul_pilot,1.0,TrialDigitSpan,1.0,2.319937999999979,1,
paul_pilot,1.0,TrialDigitSpan,1.0,2.0732208000000014,1,
paul_pilot,1.0,TrialDigitSpan,1.0,2.0263139999999566,1,
paul_pilot,1.0,TrialDigitSpan,1.0,2.552051800000015,1,
paul_pilot,1.0,TrialDigitSpan,1.0,1.469043499999998,1,
paul_pilot,1.0,TrialDigitSpan,2.0,1.4989618999998129,1,
paul_pilot,1.0,TrialDigitSpan,2.0,2.575421600000027,1,
paul_pilot,1.0,TrialDigitSpan,2.0,1.7730443000001517,1,
paul_pilot,1.0,TrialDigitSpan,2.0,1.4173213999999916,1,
paul_pilot,1.0,TrialDigitSpan,2.0,1.7049567000000252,1,
paul_pilot,1.0,TrialDigitSpan,2.0,1.8942994999999885,1,
paul_pilot,1.0,TrialDigitSpan,2.0,1.611735099999919,1,
paul_pilot,1.0,TrialDigitSpan,2.0,1.957144699999958,1,
paul_pilot,1.0,TrialDigitSpan,2.0,1.856376599999976,1,
paul_pilot,1.0,TrialDigitSpan,3.0,1.1580524999998258,1,
paul_pilot,1.0,TrialDigitSpan,3.0,1.5437596000001577,1,
paul_pilot,1.0,TrialDigitSpan,3.0,3.0,0,
paul_pilot,1.0,TrialDigitSpan,3.0,1.599773899999832,1,
paul_pilot,1.0,TrialDigitSpan,3.0,1.2332935000000589,1,
paul_pilot,1.0,TrialDigitSpan,3.0,3.0,0,
paul_pilot,1.0,TrialDigitSpan,3.0,2.0420050000000174,1,
paul_pilot,1.0,TrialDigitSpan,3.0,1.657202999999981,1,
paul_pilot,1.0,TrialSpatialRotation,1.0,1.736402990000002,1,
paul_pilot,1.0,TrialSpatialRotation,1.0,3.0,0,
paul_pilot,1.0,TrialSpatialRotation,1.0,1.5081234000000023,1,
paul_pilot,1.0,TrialSpatialRotation,1.0,1.3063678799999965,0,
paul_pilot,1.0,TrialSpatialRotation,1.0,2.3156070700000133,1,
paul_pilot,1.0,TrialSpatialRotation,1.0,1.5263464399999975,0,
paul_pilot,1.0,TrialSpatialRotation,2.0,2.222526600000037,1,
paul_pilot,1.0,TrialSpatialRotation,2.0,3.0,0,
paul_pilot,1.0,TrialSpatialRotation,2.0,1.8464141000000043,1,
paul_pilot,1.0,TrialSpatialRotation,2.0,3.0,0,
paul_pilot,1.0,TrialSpatialRotation,2.0,1.554340300000035,1,
paul_pilot,1.0,TrialSpatialRotation,2.0,1.2712337999999477,0,
paul_pilot,1.0,TrialSpatialRotation,2.0,2.7334551999999803,0,
paul_pilot,1.0,TrialSpatialRotation,3.0,1.943307700000048,1,
paul_pilot,1.0,TrialSpatialRotation,3.0,2.1285764999999515,1,
paul_pilot,1.0,TrialSpatialRotation,3.0,2.274637200000029,1,
paul_pilot,1.0,TrialSpatialRotation,3.0,2.201824899999963,1,
paul_pilot,1.0,TrialSpatialRotation,3.0,2.6984352999999146,0,
paul_pilot,1.0,TrialSpatialRotation,3.0,1.4947104000000309,1,
paul_pilot,1.0,TrialSpatialRotation,3.0,2.023085900000069,1,
paul_pilot,1.0,TrialSpatialRotation,3.0,1.6447375000000193,1,
paul_pilot,1.0,TrialSpatialRotation,4.0,2.1033179999999447,1,
paul_pilot,1.0,TrialSpatialRotation,4.0,3.0,0,
paul_pilot,1.0,TrialSpatialRotation,4.0,2.481243999999833,0,
paul_pilot,1.0,TrialSpatialRotation,4.0,2.7039509999999605,0,
paul_pilot,1.0,TrialSpatialSpan,1.0,3.0,0,
paul_pilot,1.0,TrialSpatialSpan,1.0,2.498570299999997,1,
paul_pilot,1.0,TrialSpatialSpan,1.0,2.8821732999999767,0,
paul_pilot,1.0,TrialSpatialSpan,1.0,2.6577398999999677,0,
paul_pilot,1.0,TrialSpatialSpan,1.0,2.0562119000000223,1,
paul_pilot,1.0,TrialSpatialSpan,1.0,2.716843100000034,1,
paul_pilot,1.0,TrialSpatialSpan,1.0,3.0,0,
paul_pilot,1.0,TrialSpatialSpan,1.0,2.561932799999965,0,
paul_pilot,1.0,TrialSpatialSpan,2.0,2.1985981000000265,0,
paul_pilot,1.0,TrialSpatialSpan,2.0,1.8899578999998996,0,
paul_pilot,1.0,TrialSpatialSpan,2.0,2.056335899999908,1,
paul_pilot,1.0,TrialSpatialSpan,2.0,3.0,0,
paul_pilot,1.0,TrialSpatialSpan,2.0,1.6065275999999358,1,
paul_pilot,1.0,TrialSpatialSpan,2.0,2.4308710999999903,1,
paul_pilot,1.0,TrialSpatialSpan,2.0,1.2098218999999517,0,
paul_pilot,1.0,TrialSpatialSpan,2.0,2.4579645000000028,1,
paul_pilot,1.0,TrialSpatialSpan,2.0,2.232873199999972,1,
paul_pilot,1.0,TrialSpatialSpan,3.0,2.8353024000000464,0,
paul_pilot,1.0,TrialSpatialSpan,3.0,1.3928224999999657,1,
paul_pilot,1.0,TrialSpatialSpan,3.0,3.0,0,
paul_pilot,1.0,TrialSpatialSpan,3.0,2.342236299999968,1,
paul_pilot,1.0,TrialSpatialSpan,3.0,1.8890395000000808,1,
paul_pilot,1.0,TrialSpatialSpan,3.0,2.6409492000001364,1,
paul_pilot,2.0,TrialDigitSpan,1.0,1.6096749999999247,1,
paul_pilot,2.0,TrialDigitSpan,1.0,1.8082699999999927,1,
paul_pilot,2.0,TrialDigitSpan,1.0,1.7166719999997897,1,
paul_pilot,2.0,TrialDigitSpan,1.0,1.5842959999997674,1,
paul_pilot,2.0,TrialDigitSpan,1.0,1.7267110000000232,1,
paul_pilot,2.0,TrialDigitSpan,1.0,1.6629609999999957,1,
paul_pilot,2.0,TrialDigitSpan,1.0,1.7729739999999763,1,
paul_pilot,2.0,TrialDigitSpan,1.0,2.6744469999998732,1,
paul_pilot,2.0,TrialDigitSpan,2.0,1.4193430000000262,1,
paul_pilot,2.0,TrialDigitSpan,2.0,1.367529000000104,1,
paul_pilot,2.0,TrialDigitSpan,2.0,1.7881300000001374,1,
paul_pilot,2.0,TrialDigitSpan,2.0,3.0,0,
paul_pilot,2.0,TrialDigitSpan,2.0,2.2643869999997146,1,
paul_pilot,2.0,TrialDigitSpan,2.0,1.8929519999999231,1,
paul_pilot,2.0,TrialDigitSpan,2.0,1.5489780000000335,1,
paul_pilot,2.0,TrialDigitSpan,3.0,1.5286009999999806,1,
paul_pilot,2.0,TrialDigitSpan,3.0,1.5227950000003148,1,
paul_pilot,2.0,TrialDigitSpan,3.0,1.6132139999999708,1,
paul_pilot,2.0,TrialDigitSpan,3.0,1.7216789999997673,1,
paul_pilot,2.0,TrialDigitSpan,3.0,1.6500079999998434,1,
paul_pilot,2.0,TrialDigitSpan,3.0,1.5022559999999885,1,
paul_pilot,2.0,TrialDigitSpan,4.0,1.7710879999999634,1,
paul_pilot,2.0,TrialDigitSpan,4.0,2.0153609999997566,1,
paul_pilot,2.0,TrialDigitSpan,4.0,1.5597849999999198,1,
paul_pilot,2.0,TrialDigitSpan,4.0,1.5297919999998155,1,
paul_pilot,2.0,TrialDigitSpan,4.0,2.3171209999995876,1,
paul_pilot,2.0,TrialDigitSpan,4.0,2.078436999999667,1,
paul_pilot,2.0,TrialDigitSpan,4.0,1.721490000000358,1,
paul_pilot,2.0,TrialSpatialRotation,1.0,2.4062750000000506,1,
paul_pilot,2.0,TrialSpatialRotation,1.0,2.810827000000245,1,
paul_pilot,2.0,TrialSpatialRotation,1.0,2.8641820000000284,1,
paul_pilot,2.0,TrialSpatialRotation,1.0,2.163289999999961,1,
paul_pilot,2.0,TrialSpatialRotation,1.0,1.6076720000000932,1,
paul_pilot,2.0,TrialSpatialRotation,2.0,2.2397350000001097,1,
paul_pilot,2.0,TrialSpatialRotation,2.0,2.797647999999981,1,
paul_pilot,2.0,TrialSpatialRotation,2.0,1.6878180000001066,1,
paul_pilot,2.0,TrialSpatialRotation,2.0,2.184067000000141,1,
paul_pilot,2.0,TrialSpatialRotation,2.0,2.728343999999879,1,
paul_pilot,2.0,TrialSpatialRotation,2.0,2.2067899999999554,1,
paul_pilot,2.0,TrialSpatialRotation,2.0,1.3874339999999847,1,
paul_pilot,2.0,TrialSpatialRotation,2.0,3.0,0,
paul_pilot,2.0,TrialSpatialRotation,2.0,1.7164549999999963,1,
paul_pilot,2.0,TrialSpatialRotation,3.0,2.0194519999997738,1,
paul_pilot,2.0,TrialSpatialRotation,3.0,1.6761469999999008,1,
paul_pilot,2.0,TrialSpatialRotation,3.0,1.4843309999998835,1,
paul_pilot,2.0,TrialSpatialRotation,3.0,1.457602999999608,1,
paul_pilot,2.0,TrialSpatialRotation,3.0,2.6095629999997527,0,
paul_pilot,2.0,TrialSpatialRotation,3.0,1.991079000000127,1,
paul_pilot,2.0,TrialSpatialRotation,3.0,1.6810650000002167,1,
paul_pilot,2.0,TrialSpatialRotation,3.0,3.0,0,
paul_pilot,2.0,TrialSpatialSpan,1.0,2.6196139999997285,1,
paul_pilot,2.0,TrialSpatialSpan,1.0,2.7804110000001856,1,
paul_pilot,2.0,TrialSpatialSpan,1.0,2.8006250000000823,1,
paul_pilot,2.0,TrialSpatialSpan,1.0,2.078490999999985,1,
paul_pilot,2.0,TrialSpatialSpan,1.0,2.8029910000000204,1,
paul_pilot,2.0,TrialSpatialSpan,1.0,1.6333759999999984,1,
paul_pilot,2.0,TrialSpatialSpan,1.0,1.8391679999999724,1,
paul_pilot,2.0,TrialSpatialSpan,1.0,2.0022860000003675,1,
paul_pilot,2.0,TrialSpatialSpan,1.0,2.272637999999916,1,
paul_pilot,2.0,TrialSpatialSpan,2.0,2.5680050000000847,1,
paul_pilot,2.0,TrialSpatialSpan,2.0,1.9450539999998,0,
paul_pilot,2.0,TrialSpatialSpan,2.0,3.0,0,
paul_pilot,2.0,TrialSpatialSpan,2.0,1.1300180000000637,1,
paul_pilot,2.0,TrialSpatialSpan,2.0,2.679589000000305,0,
paul_pilot,2.0,TrialSpatialSpan,2.0,1.7219010000003436,1,
paul_pilot,2.0,TrialSpatialSpan,2.0,2.4243860000005952,1,
paul_pilot,2.0,TrialSpatialSpan,3.0,1.1852650000000722,1,
paul_pilot,2.0,TrialSpatialSpan,3.0,2.43521200000032,1,
paul_pilot,2.0,TrialSpatialSpan,3.0,2.3448240000002443,1,
paul_pilot,3.0,TrialDigitSpan,1.0,1.5431279999997969,1,
paul_pilot,3.0,TrialDigitSpan,1.0,1.5730690000000322,1,
paul_pilot,3.0,TrialDigitSpan,1.0,1.7267320000000836,1,
paul_pilot,3.0,TrialDigitSpan,1.0,1.4122980000001917,1,
paul_pilot,3.0,TrialDigitSpan,1.0,2.741918000000169,1,
paul_pilot,3.0,TrialDigitSpan,1.0,1.665676000000076,1,
paul_pilot,3.0,TrialDigitSpan,2.0,2.3666570000000315,1,
paul_pilot,3.0,TrialDigitSpan,2.0,1.8046509999999216,1,
paul_pilot,3.0,TrialDigitSpan,2.0,2.1020769999995537,1,
paul_pilot,3.0,TrialDigitSpan,2.0,2.3575819999996384,1,
paul_pilot,3.0,TrialDigitSpan,2.0,1.5232899999996334,1,
paul_pilot,3.0,TrialDigitSpan,2.0,1.876362999999856,1,
paul_pilot,3.0,TrialDigitSpan,2.0,1.895214000000124,1,
paul_pilot,3.0,TrialDigitSpan,2.0,1.8864469999998617,1,
paul_pilot,3.0,TrialDigitSpan,3.0,1.6352529999999206,1,
paul_pilot,3.0,TrialDigitSpan,3.0,1.9051859999999576,1,
paul_pilot,3.0,TrialDigitSpan,3.0,2.5566239999998293,1,
paul_pilot,3.0,TrialDigitSpan,3.0,2.0168549999998504,1,
paul_pilot,3.0,TrialDigitSpan,3.0,1.1877309999999852,1,
paul_pilot,3.0,TrialDigitSpan,3.0,1.5784730000000309,1,
paul_pilot,3.0,TrialSpatialRotation,1.0,2.7592159999999235,0,
paul_pilot,3.0,TrialSpatialRotation,1.0,3.0,0,
paul_pilot,3.0,TrialSpatialRotation,1.0,2.4397589999998672,1,
paul_pilot,3.0,TrialSpatialRotation,1.0,1.2869510000000446,1,
paul_pilot,3.0,TrialSpatialRotation,1.0,1.698830000000271,1,
paul_pilot,3.0,TrialSpatialRotation,1.0,2.869478999999502,1,
paul_pilot,3.0,TrialSpatialRotation,1.0,3.0,0,
paul_pilot,3.0,TrialSpatialRotation,1.0,2.687424999999621,0,
paul_pilot,3.0,TrialSpatialRotation,1.0,1.5928630000003068,1,
paul_pilot,3.0,TrialSpatialRotation,2.0,2.519200000000182,1,
paul_pilot,3.0,TrialSpatialRotation,2.0,1.136228000000301,1,
paul_pilot,3.0,TrialSpatialRotation,2.0,2.807286000000204,1,
paul_pilot,3.0,TrialSpatialRotation,2.0,3.0,0,
paul_pilot,3.0,TrialSpatialRotation,2.0,1.5092110000000505,1,
paul_pilot,3.0,TrialSpatialRotation,2.0,1.4129789999997229,1,
paul_pilot,3.0,TrialSpatialRotation,2.0,1.3821140000000014,1,
paul_pilot,3.0,TrialSpatialRotation,2.0,2.2024019999998927,1,
paul_pilot,3.0,TrialSpatialRotation,3.0,3.0,0,
paul_pilot,3.0,TrialSpatialRotation,3.0,1.3523610000006556,1,
paul_pilot,3.0,TrialSpatialRotation,3.0,3.0,0,
paul_pilot,3.0,TrialSpatialRotation,3.0,1.6092209999997067,1,
paul_pilot,3.0,TrialSpatialRotation,3.0,3.0,0,
paul_pilot,3.0,TrialSpatialRotation,3.0,1.7493180000001305,1,
paul_pilot,3.0,TrialSpatialRotation,3.0,2.6760039999999212,1,
paul_pilot,3.0,TrialSpatialRotation,3.0,1.632252999999764,1,
paul_pilot,3.0,TrialSpatialRotation,3.0,2.666095000000041,1,
paul_pilot,3.0,TrialSpatialSpan,1.0,1.6645660000003772,1,
paul_pilot,3.0,TrialSpatialSpan,1.0,1.3293410000001131,1,
paul_pilot,3.0,TrialSpatialSpan,1.0,1.2821030000000064,0,
paul_pilot,3.0,TrialSpatialSpan,1.0,1.7655190000000405,1,
paul_pilot,3.0,TrialSpatialSpan,2.0,2.0256979999999203,1,
paul_pilot,3.0,TrialSpatialSpan,2.0,1.49163899999985,1,
paul_pilot,3.0,TrialSpatialSpan,2.0,1.315020000000004,1,
paul_pilot,3.0,TrialSpatialSpan,2.0,2.7058300000003332,0,
paul_pilot,3.0,TrialSpatialSpan,2.0,3.0,0,
paul_pilot,3.0,TrialSpatialSpan,2.0,1.9932180000000697,1,
paul_pilot,3.0,TrialSpatialSpan,3.0,2.806350000000293,1,
paul_pilot,3.0,TrialSpatialSpan,3.0,1.1987119999998868,1,
paul_pilot,3.0,TrialSpatialSpan,3.0,1.7197229999997037,1,
paul_pilot,3.0,TrialSpatialSpan,3.0,2.069094999999834,1,
paul_pilot,3.0,TrialSpatialSpan,3.0,2.3989660000002004,1,
paul_pilot,3.0,TrialSpatialSpan,3.0,1.3613220000002002,1,
paul_pilot,3.0,TrialSpatialSpan,3.0,1.314955999999711,1,
paul_pilot,3.0,TrialSpatialSpan,3.0,2.1684049999998933,0,
paul_pilot,3.0,TrialSpatialSpan,4.0,1.6653859999996712,1,
paul_pilot,3.0,TrialSpatialSpan,4.0,2.233955000000151,1,
paul_pilot,3.0,TrialSpatialSpan,4.0,2.229170000000068,1,
paul_pilot,3.0,TrialSpatialSpan,4.0,2.7200859999998097,1,
paul_pilot,4.0,TrialDigitSpan,1.0,1.2851479999999356,1,
paul_pilot,4.0,TrialDigitSpan,1.0,1.7029110000007677,1,
paul_pilot,4.0,TrialDigitSpan,1.0,1.6053770000003167,1,
paul_pilot,4.0,TrialDigitSpan,1.0,2.6907250000003846,1,
paul_pilot,4.0,TrialDigitSpan,1.0,2.1397489999999384,1,
paul_pilot,4.0,TrialDigitSpan,1.0,1.5271640000000843,1,
paul_pilot,4.0,TrialDigitSpan,1.0,1.5714399999997113,1,
paul_pilot,4.0,TrialDigitSpan,1.0,1.9758260000003247,1,
paul_pilot,4.0,TrialDigitSpan,1.0,1.7832210000001396,1,
paul_pilot,4.0,TrialDigitSpan,2.0,3.0,0,
paul_pilot,4.0,TrialDigitSpan,2.0,1.499789999999848,1,
paul_pilot,4.0,TrialDigitSpan,2.0,1.8847579999992377,1,
paul_pilot,4.0,TrialDigitSpan,2.0,2.0937140000005456,1,
paul_pilot,4.0,TrialDigitSpan,2.0,1.3193490000003294,1,
paul_pilot,4.0,TrialDigitSpan,2.0,1.2130729999998948,1,
paul_pilot,4.0,TrialDigitSpan,2.0,1.3722560000005617,1,
paul_pilot,4.0,TrialSpatialRotation,1.0,2.6522259999997004,1,
paul_pilot,4.0,TrialSpatialRotation,1.0,2.0829039999998717,1,
paul_pilot,4.0,TrialSpatialRotation,1.0,2.713207999999668,1,
paul_pilot,4.0,TrialSpatialRotation,1.0,3.0,0,
paul_pilot,4.0,TrialSpatialRotation,1.0,2.186537999999473,1,
paul_pilot,4.0,TrialSpatialRotation,1.0,1.9348749999999197,1,
paul_pilot,4.0,TrialSpatialRotation,1.0,2.3607309999993054,1,
paul_pilot,4.0,TrialSpatialRotation,1.0,2.3719820000001164,1,
paul_pilot,4.0,TrialSpatialRotation,2.0,3.0,0,
paul_pilot,4.0,TrialSpatialRotation,2.0,1.9738609999999424,1,
paul_pilot,4.0,TrialSpatialRotation,2.0,2.4576659999993358,1,
paul_pilot,4.0,TrialSpatialRotation,2.0,3.0,0,
paul_pilot,4.0,TrialSpatialRotation,2.0,2.3356009999997696,1,
paul_pilot,4.0,TrialSpatialRotation,2.0,1.9082920000005288,1,
paul_pilot,4.0,TrialSpatialRotation,2.0,1.6966699999998127,1,
paul_pilot,4.0,TrialSpatialRotation,2.0,1.9090369999998984,0,
paul_pilot,4.0,TrialSpatialRotation,3.0,2.35150399999975,1,
paul_pilot,4.0,TrialSpatialRotation,3.0,3.0,0,
paul_pilot,4.0,TrialSpatialRotation,3.0,2.72467800000004,0,
paul_pilot,4.0,TrialSpatialRotation,3.0,1.8255990000002384,0,
paul_pilot,4.0,TrialSpatialRotation,3.0,1.5744729999996707,1,
paul_pilot,4.0,TrialSpatialRotation,3.0,2.8461080000006405,0,
paul_pilot,4.0,TrialSpatialRotation,3.0,2.4697910000004413,1,
paul_pilot,4.0,TrialSpatialRotation,3.0,2.4870810000002166,1,
paul_pilot,4.0,TrialSpatialRotation,3.0,2.103244999999333,1,
paul_pilot,4.0,TrialSpatialRotation,4.0,3.0,0,
paul_pilot,4.0,TrialSpatialRotation,4.0,2.473900999999387,1,
paul_pilot,4.0,TrialSpatialRotation,4.0,1.9926350000005184,1,
paul_pilot,4.0,TrialSpatialSpan,1.0,3.0,0,
paul_pilot,4.0,TrialSpatialSpan,1.0,1.251966000000721,1,
paul_pilot,4.0,TrialSpatialSpan,1.0,1.4665780000000268,1,
paul_pilot,4.0,TrialSpatialSpan,1.0,1.6931829999998629,1,
paul_pilot,4.0,TrialSpatialSpan,1.0,1.5977320000001782,1,
paul_pilot,4.0,TrialSpatialSpan,2.0,1.5231990000002045,1,
paul_pilot,4.0,TrialSpatialSpan,2.0,3.0,0,
paul_pilot,4.0,TrialSpatialSpan,2.0,2.069432000000233,1,
paul_pilot,4.0,TrialSpatialSpan,2.0,1.4812879999994948,1,
paul_pilot,4.0,TrialSpatialSpan,2.0,3.0,0,
paul_pilot,4.0,TrialSpatialSpan,2.0,1.3661400000000867,1,
paul_pilot,4.0,TrialSpatialSpan,3.0,1.972805000000335,1,
paul_pilot,4.0,TrialSpatialSpan,3.0,1.675402999999278,1,
paul_pilot,4.0,TrialSpatialSpan,3.0,2.0229309999995166,1,
paul_pilot,4.0,TrialSpatialSpan,3.0,2.1287720000000263,1,
paul_pilot,4.0,TrialSpatialSpan,3.0,1.5784770000009305,1,
paul_pilot,4.0,TrialSpatialSpan,3.0,3.0,0,
paul_pilot,4.0,TrialSpatialSpan,3.0,2.492207000000235,0,
paul_pilot,4.0,TrialSpatialSpan,3.0,3.0,0,
paul_pilot,4.0,TrialSpatialSpan,4.0,1.6998929999999746,1,
paul_pilot,4.0,TrialSpatialSpan,4.0,3.0,0,
paul_pilot,4.0,TrialSpatialSpan,4.0,2.4620840000006865,0,
paul_pilot,4.0,TrialSpatialSpan,4.0,2.4653169999992315,1,
paul_pilot,4.0,TrialSpatialSpan,4.0,3.0,0,
paul_pilot,4.0,TrialSpatialSpan,4.0,3.0,0,
