,participant_id,type,block,occurence,accuracy,index1,cumu_acc,percent_acc
0,clouds_pilot,TrialDigitSpan,1.0,1.0,1,0.0,1.0,
1,clouds_pilot,TrialDigitSpan,1.0,1.0,0,1.0,1.0,
2,clouds_pilot,TrialDigitSpan,1.0,1.0,1,2.0,2.0,
3,clouds_pilot,TrialDigitSpan,1.0,1.0,1,3.0,3.0,
4,clouds_pilot,TrialDigitSpan,1.0,1.0,1,4.0,4.0,
5,clouds_pilot,TrialDigitSpan,1.0,1.0,1,5.0,5.0,
6,clouds_pilot,TrialDigitSpan,1.0,1.0,0,6.0,5.0,
7,clouds_pilot,TrialDigitSpan,1.0,1.0,0,7.0,5.0,
8,clouds_pilot,TrialDigitSpan,1.0,1.0,1,8.0,6.0,
9,clouds_pilot,TrialDigitSpan,1.0,2.0,1,0.0,1.0,
10,clouds_pilot,TrialDigitSpan,1.0,2.0,1,1.0,2.0,
11,clouds_pilot,TrialDigitSpan,1.0,2.0,1,2.0,3.0,
12,clouds_pilot,TrialDigitSpan,1.0,2.0,0,3.0,3.0,
13,clouds_pilot,TrialDigitSpan,1.0,2.0,1,4.0,4.0,
14,clouds_pilot,TrialDigitSpan,1.0,2.0,1,5.0,5.0,
15,clouds_pilot,TrialDigitSpan,1.0,2.0,0,6.0,5.0,
16,clouds_pilot,TrialDigitSpan,1.0,2.0,1,7.0,6.0,
17,clouds_pilot,TrialDigitSpan,1.0,2.0,1,8.0,7.0,
18,clouds_pilot,TrialDigitSpan,1.0,3.0,1,0.0,1.0,
19,clouds_pilot,TrialDigitSpan,1.0,3.0,1,1.0,2.0,
20,clouds_pilot,TrialDigitSpan,1.0,3.0,1,2.0,3.0,
21,clouds_pilot,TrialDigitSpan,1.0,3.0,1,3.0,4.0,
22,clouds_pilot,TrialDigitSpan,1.0,3.0,1,4.0,5.0,
23,clouds_pilot,TrialDigitSpan,1.0,3.0,1,5.0,6.0,
24,clouds_pilot,TrialDigitSpan,1.0,3.0,1,6.0,7.0,
25,clouds_pilot,TrialDigitSpan,1.0,3.0,1,7.0,8.0,
26,clouds_pilot,TrialDigitSpan,1.0,3.0,0,8.0,8.0,
27,clouds_pilot,TrialSpatialRotation,1.0,1.0,0,0.0,0.0,
28,clouds_pilot,TrialSpatialRotation,1.0,1.0,0,1.0,0.0,
29,clouds_pilot,TrialSpatialRotation,1.0,1.0,1,2.0,1.0,
30,clouds_pilot,TrialSpatialRotation,1.0,1.0,1,3.0,2.0,
31,clouds_pilot,TrialSpatialRotation,1.0,1.0,1,4.0,3.0,
32,clouds_pilot,TrialSpatialRotation,1.0,1.0,0,5.0,3.0,
33,clouds_pilot,TrialSpatialRotation,1.0,2.0,1,0.0,1.0,
34,clouds_pilot,TrialSpatialRotation,1.0,2.0,0,1.0,1.0,
35,clouds_pilot,TrialSpatialRotation,1.0,2.0,0,2.0,1.0,
36,clouds_pilot,TrialSpatialRotation,1.0,2.0,1,3.0,2.0,
37,clouds_pilot,TrialSpatialRotation,1.0,2.0,0,4.0,2.0,
38,clouds_pilot,TrialSpatialRotation,1.0,2.0,1,5.0,3.0,
39,clouds_pilot,TrialSpatialRotation,1.0,3.0,0,0.0,0.0,
40,clouds_pilot,TrialSpatialRotation,1.0,3.0,1,1.0,1.0,
41,clouds_pilot,TrialSpatialRotation,1.0,3.0,1,2.0,2.0,
42,clouds_pilot,TrialSpatialRotation,1.0,3.0,1,3.0,3.0,
43,clouds_pilot,TrialSpatialRotation,1.0,3.0,0,4.0,3.0,
44,clouds_pilot,TrialSpatialRotation,1.0,3.0,1,5.0,4.0,
45,clouds_pilot,TrialSpatialRotation,1.0,3.0,0,6.0,4.0,
46,clouds_pilot,TrialSpatialRotation,1.0,3.0,0,7.0,4.0,
47,clouds_pilot,TrialSpatialRotation,1.0,3.0,1,8.0,5.0,
48,clouds_pilot,TrialSpatialRotation,1.0,4.0,1,0.0,1.0,
49,clouds_pilot,TrialSpatialRotation,1.0,4.0,0,1.0,1.0,
50,clouds_pilot,TrialSpatialRotation,1.0,4.0,0,2.0,1.0,
51,clouds_pilot,TrialSpatialRotation,1.0,4.0,1,3.0,2.0,
52,clouds_pilot,TrialSpatialRotation,1.0,4.0,0,4.0,2.0,
53,clouds_pilot,TrialSpatialRotation,1.0,4.0,1,5.0,3.0,
54,clouds_pilot,TrialSpatialRotation,1.0,4.0,0,6.0,3.0,
55,clouds_pilot,TrialSpatialSpan,1.0,1.0,1,0.0,1.0,
56,clouds_pilot,TrialSpatialSpan,1.0,1.0,0,1.0,1.0,
57,clouds_pilot,TrialSpatialSpan,1.0,1.0,1,2.0,2.0,
58,clouds_pilot,TrialSpatialSpan,1.0,1.0,0,3.0,2.0,
59,clouds_pilot,TrialSpatialSpan,1.0,1.0,0,4.0,2.0,
60,clouds_pilot,TrialSpatialSpan,1.0,1.0,1,5.0,3.0,
61,clouds_pilot,TrialSpatialSpan,1.0,1.0,0,6.0,3.0,
62,clouds_pilot,TrialSpatialSpan,1.0,2.0,0,0.0,0.0,
63,clouds_pilot,TrialSpatialSpan,1.0,2.0,0,1.0,0.0,
64,clouds_pilot,TrialSpatialSpan,1.0,2.0,1,2.0,1.0,
65,clouds_pilot,TrialSpatialSpan,1.0,2.0,1,3.0,2.0,
66,clouds_pilot,TrialSpatialSpan,1.0,2.0,1,4.0,3.0,
67,clouds_pilot,TrialSpatialSpan,1.0,2.0,1,5.0,4.0,
68,clouds_pilot,TrialSpatialSpan,1.0,2.0,0,6.0,4.0,
69,clouds_pilot,TrialSpatialSpan,1.0,3.0,0,0.0,0.0,
70,clouds_pilot,TrialSpatialSpan,1.0,3.0,0,1.0,0.0,
71,clouds_pilot,TrialSpatialSpan,1.0,3.0,0,2.0,0.0,
72,clouds_pilot,TrialDigitSpan,2.0,1.0,1,0.0,1.0,
73,clouds_pilot,TrialDigitSpan,2.0,1.0,0,1.0,1.0,
74,clouds_pilot,TrialDigitSpan,2.0,1.0,1,2.0,2.0,
75,clouds_pilot,TrialDigitSpan,2.0,1.0,1,3.0,3.0,
76,clouds_pilot,TrialDigitSpan,2.0,1.0,1,4.0,4.0,
77,clouds_pilot,TrialDigitSpan,2.0,1.0,0,5.0,4.0,
78,clouds_pilot,TrialDigitSpan,2.0,1.0,0,6.0,4.0,
79,clouds_pilot,TrialDigitSpan,2.0,1.0,1,7.0,5.0,
80,clouds_pilot,TrialDigitSpan,2.0,1.0,1,8.0,6.0,
81,clouds_pilot,TrialDigitSpan,2.0,2.0,1,0.0,1.0,
82,clouds_pilot,TrialDigitSpan,2.0,2.0,1,1.0,2.0,
83,clouds_pilot,TrialDigitSpan,2.0,2.0,1,2.0,3.0,
84,clouds_pilot,TrialDigitSpan,2.0,2.0,1,3.0,4.0,
85,clouds_pilot,TrialDigitSpan,2.0,2.0,1,4.0,5.0,
86,clouds_pilot,TrialDigitSpan,2.0,2.0,1,5.0,6.0,
87,clouds_pilot,TrialDigitSpan,2.0,2.0,1,6.0,7.0,
88,clouds_pilot,TrialDigitSpan,2.0,2.0,1,7.0,8.0,
89,clouds_pilot,TrialDigitSpan,2.0,2.0,1,8.0,9.0,
90,clouds_pilot,TrialDigitSpan,2.0,3.0,1,0.0,1.0,
91,clouds_pilot,TrialDigitSpan,2.0,3.0,0,1.0,1.0,
92,clouds_pilot,TrialDigitSpan,2.0,3.0,1,2.0,2.0,
93,clouds_pilot,TrialDigitSpan,2.0,3.0,1,3.0,3.0,
94,clouds_pilot,TrialDigitSpan,2.0,3.0,1,4.0,4.0,
95,clouds_pilot,TrialDigitSpan,2.0,3.0,0,5.0,4.0,
96,clouds_pilot,TrialDigitSpan,2.0,3.0,1,6.0,5.0,
97,clouds_pilot,TrialSpatialRotation,2.0,1.0,0,0.0,0.0,
98,clouds_pilot,TrialSpatialRotation,2.0,1.0,0,1.0,0.0,
99,clouds_pilot,TrialSpatialRotation,2.0,1.0,1,2.0,1.0,
100,clouds_pilot,TrialSpatialRotation,2.0,1.0,1,3.0,2.0,
101,clouds_pilot,TrialSpatialRotation,2.0,1.0,1,4.0,3.0,
102,clouds_pilot,TrialSpatialRotation,2.0,1.0,1,5.0,4.0,
103,clouds_pilot,TrialSpatialRotation,2.0,1.0,0,6.0,4.0,
104,clouds_pilot,TrialSpatialRotation,2.0,2.0,1,0.0,1.0,
105,clouds_pilot,TrialSpatialRotation,2.0,2.0,1,1.0,2.0,
106,clouds_pilot,TrialSpatialRotation,2.0,2.0,0,2.0,2.0,
107,clouds_pilot,TrialSpatialRotation,2.0,2.0,1,3.0,3.0,
108,clouds_pilot,TrialSpatialRotation,2.0,2.0,0,4.0,3.0,
109,clouds_pilot,TrialSpatialRotation,2.0,2.0,1,5.0,4.0,
110,clouds_pilot,TrialSpatialRotation,2.0,2.0,1,6.0,5.0,
111,clouds_pilot,TrialSpatialRotation,2.0,3.0,0,0.0,0.0,
112,clouds_pilot,TrialSpatialRotation,2.0,3.0,0,1.0,0.0,
113,clouds_pilot,TrialSpatialRotation,2.0,3.0,0,2.0,0.0,
114,clouds_pilot,TrialSpatialRotation,2.0,3.0,1,3.0,1.0,
115,clouds_pilot,TrialSpatialSpan,2.0,1.0,0,0.0,0.0,
116,clouds_pilot,TrialSpatialSpan,2.0,1.0,0,1.0,0.0,
117,clouds_pilot,TrialSpatialSpan,2.0,1.0,1,2.0,1.0,
118,clouds_pilot,TrialSpatialSpan,2.0,1.0,0,3.0,1.0,
119,clouds_pilot,TrialSpatialSpan,2.0,2.0,1,0.0,1.0,
120,clouds_pilot,TrialSpatialSpan,2.0,2.0,0,1.0,1.0,
121,clouds_pilot,TrialSpatialSpan,2.0,2.0,1,2.0,2.0,
122,clouds_pilot,TrialSpatialSpan,2.0,2.0,1,3.0,3.0,
123,clouds_pilot,TrialSpatialSpan,2.0,2.0,1,4.0,4.0,
124,clouds_pilot,TrialSpatialSpan,2.0,2.0,1,5.0,5.0,
125,clouds_pilot,TrialSpatialSpan,2.0,2.0,1,6.0,6.0,
126,clouds_pilot,TrialSpatialSpan,2.0,2.0,1,7.0,7.0,
127,clouds_pilot,TrialSpatialSpan,2.0,2.0,0,8.0,7.0,
128,clouds_pilot,TrialSpatialSpan,2.0,3.0,1,0.0,1.0,
129,clouds_pilot,TrialSpatialSpan,2.0,3.0,1,1.0,2.0,
130,clouds_pilot,TrialSpatialSpan,2.0,3.0,0,2.0,2.0,
131,clouds_pilot,TrialSpatialSpan,2.0,3.0,0,3.0,2.0,
132,clouds_pilot,TrialSpatialSpan,2.0,3.0,0,4.0,2.0,
133,clouds_pilot,TrialSpatialSpan,2.0,3.0,0,5.0,2.0,
134,clouds_pilot,TrialSpatialSpan,2.0,3.0,1,6.0,3.0,
135,clouds_pilot,TrialSpatialSpan,2.0,3.0,0,7.0,3.0,
136,clouds_pilot,TrialSpatialSpan,2.0,3.0,0,8.0,3.0,
137,clouds_pilot,TrialSpatialSpan,2.0,4.0,1,0.0,1.0,
138,clouds_pilot,TrialSpatialSpan,2.0,4.0,1,1.0,2.0,
139,clouds_pilot,TrialSpatialSpan,2.0,4.0,1,2.0,3.0,
140,clouds_pilot,TrialSpatialSpan,2.0,4.0,1,3.0,4.0,
141,clouds_pilot,TrialSpatialSpan,2.0,4.0,0,4.0,4.0,
142,clouds_pilot,TrialSpatialSpan,2.0,4.0,1,5.0,5.0,
143,clouds_pilot,TrialDigitSpan,3.0,1.0,1,0.0,1.0,
144,clouds_pilot,TrialDigitSpan,3.0,1.0,1,1.0,2.0,
145,clouds_pilot,TrialDigitSpan,3.0,1.0,1,2.0,3.0,
146,clouds_pilot,TrialDigitSpan,3.0,1.0,1,3.0,4.0,
147,clouds_pilot,TrialDigitSpan,3.0,1.0,1,4.0,5.0,
148,clouds_pilot,TrialDigitSpan,3.0,1.0,0,5.0,5.0,
149,clouds_pilot,TrialDigitSpan,3.0,1.0,1,6.0,6.0,
150,clouds_pilot,TrialDigitSpan,3.0,1.0,1,7.0,7.0,
151,clouds_pilot,TrialDigitSpan,3.0,1.0,1,8.0,8.0,
152,clouds_pilot,TrialDigitSpan,3.0,2.0,1,0.0,1.0,
153,clouds_pilot,TrialDigitSpan,3.0,2.0,1,1.0,2.0,
154,clouds_pilot,TrialDigitSpan,3.0,2.0,1,2.0,3.0,
155,clouds_pilot,TrialDigitSpan,3.0,2.0,1,3.0,4.0,
156,clouds_pilot,TrialDigitSpan,3.0,2.0,0,4.0,4.0,
157,clouds_pilot,TrialDigitSpan,3.0,2.0,1,5.0,5.0,
158,clouds_pilot,TrialDigitSpan,3.0,3.0,1,0.0,1.0,
159,clouds_pilot,TrialDigitSpan,3.0,3.0,1,1.0,2.0,
160,clouds_pilot,TrialDigitSpan,3.0,3.0,1,2.0,3.0,
161,clouds_pilot,TrialDigitSpan,3.0,3.0,1,3.0,4.0,
162,clouds_pilot,TrialDigitSpan,3.0,3.0,1,4.0,5.0,
163,clouds_pilot,TrialDigitSpan,3.0,3.0,1,5.0,6.0,
164,clouds_pilot,TrialDigitSpan,3.0,3.0,0,6.0,6.0,
165,clouds_pilot,TrialSpatialRotation,3.0,1.0,1,0.0,1.0,
166,clouds_pilot,TrialSpatialRotation,3.0,1.0,0,1.0,1.0,
167,clouds_pilot,TrialSpatialRotation,3.0,1.0,1,2.0,2.0,
168,clouds_pilot,TrialSpatialRotation,3.0,1.0,1,3.0,3.0,
169,clouds_pilot,TrialSpatialRotation,3.0,2.0,0,0.0,0.0,
170,clouds_pilot,TrialSpatialRotation,3.0,2.0,0,1.0,0.0,
171,clouds_pilot,TrialSpatialRotation,3.0,2.0,1,2.0,1.0,
172,clouds_pilot,TrialSpatialRotation,3.0,2.0,1,3.0,2.0,
173,clouds_pilot,TrialSpatialRotation,3.0,2.0,0,4.0,2.0,
174,clouds_pilot,TrialSpatialRotation,3.0,2.0,1,5.0,3.0,
175,clouds_pilot,TrialSpatialRotation,3.0,2.0,1,6.0,4.0,
176,clouds_pilot,TrialSpatialRotation,3.0,2.0,0,7.0,4.0,
177,clouds_pilot,TrialSpatialRotation,3.0,3.0,1,0.0,1.0,
178,clouds_pilot,TrialSpatialRotation,3.0,3.0,0,1.0,1.0,
179,clouds_pilot,TrialSpatialRotation,3.0,3.0,1,2.0,2.0,
180,clouds_pilot,TrialSpatialRotation,3.0,3.0,1,3.0,3.0,
181,clouds_pilot,TrialSpatialRotation,3.0,3.0,0,4.0,3.0,
182,clouds_pilot,TrialSpatialRotation,3.0,3.0,1,5.0,4.0,
183,clouds_pilot,TrialSpatialRotation,3.0,3.0,0,6.0,4.0,
184,clouds_pilot,TrialSpatialRotation,3.0,3.0,1,7.0,5.0,
185,clouds_pilot,TrialSpatialRotation,3.0,3.0,1,8.0,6.0,
186,clouds_pilot,TrialSpatialSpan,3.0,1.0,0,0.0,0.0,
187,clouds_pilot,TrialSpatialSpan,3.0,1.0,0,1.0,0.0,
188,clouds_pilot,TrialSpatialSpan,3.0,1.0,1,2.0,1.0,
189,clouds_pilot,TrialSpatialSpan,3.0,1.0,0,3.0,1.0,
190,clouds_pilot,TrialSpatialSpan,3.0,1.0,1,4.0,2.0,
191,clouds_pilot,TrialSpatialSpan,3.0,1.0,1,5.0,3.0,
192,clouds_pilot,TrialSpatialSpan,3.0,1.0,1,6.0,4.0,
193,clouds_pilot,TrialSpatialSpan,3.0,2.0,0,0.0,0.0,
194,clouds_pilot,TrialSpatialSpan,3.0,2.0,0,1.0,0.0,
195,clouds_pilot,TrialSpatialSpan,3.0,2.0,1,2.0,1.0,
196,clouds_pilot,TrialSpatialSpan,3.0,2.0,1,3.0,2.0,
197,clouds_pilot,TrialSpatialSpan,3.0,2.0,1,4.0,3.0,
198,clouds_pilot,TrialSpatialSpan,3.0,2.0,0,5.0,3.0,
199,clouds_pilot,TrialSpatialSpan,3.0,2.0,0,6.0,3.0,
200,clouds_pilot,TrialSpatialSpan,3.0,2.0,1,7.0,4.0,
201,clouds_pilot,TrialSpatialSpan,3.0,2.0,1,8.0,5.0,
202,clouds_pilot,TrialSpatialSpan,3.0,3.0,1,0.0,1.0,
203,clouds_pilot,TrialSpatialSpan,3.0,3.0,1,1.0,2.0,
204,clouds_pilot,TrialSpatialSpan,3.0,3.0,1,2.0,3.0,
205,clouds_pilot,TrialSpatialSpan,3.0,3.0,0,3.0,3.0,
206,clouds_pilot,TrialSpatialSpan,3.0,3.0,1,4.0,4.0,
207,clouds_pilot,TrialSpatialSpan,3.0,3.0,1,5.0,5.0,
208,clouds_pilot,TrialSpatialSpan,3.0,3.0,1,6.0,6.0,
209,clouds_pilot,TrialSpatialSpan,3.0,4.0,1,0.0,1.0,
210,clouds_pilot,TrialSpatialSpan,3.0,4.0,1,1.0,2.0,
211,clouds_pilot,TrialSpatialSpan,3.0,4.0,1,2.0,3.0,
212,clouds_pilot,TrialDigitSpan,4.0,1.0,1,0.0,1.0,
213,clouds_pilot,TrialDigitSpan,4.0,1.0,1,1.0,2.0,
214,clouds_pilot,TrialDigitSpan,4.0,1.0,1,2.0,3.0,
215,clouds_pilot,TrialDigitSpan,4.0,1.0,1,3.0,4.0,
216,clouds_pilot,TrialDigitSpan,4.0,1.0,1,4.0,5.0,
217,clouds_pilot,TrialDigitSpan,4.0,1.0,1,5.0,6.0,
218,clouds_pilot,TrialDigitSpan,4.0,2.0,1,0.0,1.0,
219,clouds_pilot,TrialDigitSpan,4.0,2.0,0,1.0,1.0,
220,clouds_pilot,TrialDigitSpan,4.0,2.0,1,2.0,2.0,
221,clouds_pilot,TrialDigitSpan,4.0,2.0,1,3.0,3.0,
222,clouds_pilot,TrialDigitSpan,4.0,2.0,1,4.0,4.0,
223,clouds_pilot,TrialDigitSpan,4.0,2.0,0,5.0,4.0,
224,clouds_pilot,TrialDigitSpan,4.0,2.0,1,6.0,5.0,
225,clouds_pilot,TrialDigitSpan,4.0,2.0,0,7.0,5.0,
226,clouds_pilot,TrialDigitSpan,4.0,2.0,0,8.0,5.0,
227,clouds_pilot,TrialDigitSpan,4.0,3.0,1,0.0,1.0,
228,clouds_pilot,TrialDigitSpan,4.0,3.0,1,1.0,2.0,
229,clouds_pilot,TrialDigitSpan,4.0,3.0,1,2.0,3.0,
230,clouds_pilot,TrialDigitSpan,4.0,3.0,1,3.0,4.0,
231,clouds_pilot,TrialDigitSpan,4.0,3.0,1,4.0,5.0,
232,clouds_pilot,TrialDigitSpan,4.0,3.0,1,5.0,6.0,
233,clouds_pilot,TrialDigitSpan,4.0,3.0,1,6.0,7.0,
234,clouds_pilot,TrialSpatialRotation,4.0,1.0,1,0.0,1.0,
235,clouds_pilot,TrialSpatialRotation,4.0,1.0,1,1.0,2.0,
236,clouds_pilot,TrialSpatialRotation,4.0,1.0,0,2.0,2.0,
237,clouds_pilot,TrialSpatialRotation,4.0,1.0,0,3.0,2.0,
238,clouds_pilot,TrialSpatialRotation,4.0,1.0,1,4.0,3.0,
239,clouds_pilot,TrialSpatialRotation,4.0,1.0,0,5.0,3.0,
240,clouds_pilot,TrialSpatialRotation,4.0,1.0,1,6.0,4.0,
241,clouds_pilot,TrialSpatialRotation,4.0,2.0,1,0.0,1.0,
242,clouds_pilot,TrialSpatialRotation,4.0,2.0,1,1.0,2.0,
243,clouds_pilot,TrialSpatialRotation,4.0,2.0,0,2.0,2.0,
244,clouds_pilot,TrialSpatialRotation,4.0,2.0,0,3.0,2.0,
245,clouds_pilot,TrialSpatialRotation,4.0,2.0,1,4.0,3.0,
246,clouds_pilot,TrialSpatialRotation,4.0,2.0,0,5.0,3.0,
247,clouds_pilot,TrialSpatialRotation,4.0,2.0,0,6.0,3.0,
248,clouds_pilot,TrialSpatialRotation,4.0,2.0,1,7.0,4.0,
249,clouds_pilot,TrialSpatialRotation,4.0,2.0,0,8.0,4.0,
250,clouds_pilot,TrialSpatialRotation,4.0,3.0,1,0.0,1.0,
251,clouds_pilot,TrialSpatialRotation,4.0,3.0,1,1.0,2.0,
252,clouds_pilot,TrialSpatialRotation,4.0,3.0,0,2.0,2.0,
253,clouds_pilot,TrialSpatialRotation,4.0,3.0,1,3.0,3.0,
254,clouds_pilot,TrialSpatialRotation,4.0,3.0,1,4.0,4.0,
255,clouds_pilot,TrialSpatialRotation,4.0,3.0,1,5.0,5.0,
256,clouds_pilot,TrialSpatialRotation,4.0,3.0,0,6.0,5.0,
257,clouds_pilot,TrialSpatialRotation,4.0,3.0,1,7.0,6.0,
258,clouds_pilot,TrialSpatialRotation,4.0,3.0,1,8.0,7.0,
259,clouds_pilot,TrialSpatialRotation,4.0,4.0,0,0.0,0.0,
260,clouds_pilot,TrialSpatialRotation,4.0,4.0,0,1.0,0.0,
261,clouds_pilot,TrialSpatialRotation,4.0,4.0,1,2.0,1.0,
262,clouds_pilot,TrialSpatialSpan,4.0,1.0,0,0.0,0.0,
263,clouds_pilot,TrialSpatialSpan,4.0,1.0,0,1.0,0.0,
264,clouds_pilot,TrialSpatialSpan,4.0,1.0,1,2.0,1.0,
265,clouds_pilot,TrialSpatialSpan,4.0,1.0,1,3.0,2.0,
266,clouds_pilot,TrialSpatialSpan,4.0,2.0,0,0.0,0.0,
267,clouds_pilot,TrialSpatialSpan,4.0,2.0,0,1.0,0.0,
268,clouds_pilot,TrialSpatialSpan,4.0,2.0,1,2.0,1.0,
269,clouds_pilot,TrialSpatialSpan,4.0,2.0,1,3.0,2.0,
270,clouds_pilot,TrialSpatialSpan,4.0,2.0,0,4.0,2.0,
271,clouds_pilot,TrialSpatialSpan,4.0,2.0,0,5.0,2.0,
272,clouds_pilot,TrialSpatialSpan,4.0,2.0,0,6.0,2.0,
273,clouds_pilot,TrialSpatialSpan,4.0,3.0,1,0.0,1.0,
274,clouds_pilot,TrialSpatialSpan,4.0,3.0,0,1.0,1.0,
275,clouds_pilot,TrialSpatialSpan,4.0,3.0,0,2.0,1.0,
276,clouds_pilot,TrialSpatialSpan,4.0,3.0,0,3.0,1.0,
277,clouds_pilot,TrialSpatialSpan,4.0,3.0,1,4.0,2.0,
278,clouds_pilot,TrialSpatialSpan,4.0,3.0,0,5.0,2.0,
279,louis_pilot,TrialDigitSpan,1.0,1.0,1,0.0,1.0,
280,louis_pilot,TrialDigitSpan,1.0,1.0,1,1.0,2.0,
281,louis_pilot,TrialDigitSpan,1.0,1.0,1,2.0,3.0,
282,louis_pilot,TrialDigitSpan,1.0,1.0,1,3.0,4.0,
283,louis_pilot,TrialDigitSpan,1.0,1.0,1,4.0,5.0,
284,louis_pilot,TrialDigitSpan,1.0,1.0,0,5.0,5.0,
285,louis_pilot,TrialDigitSpan,1.0,2.0,1,0.0,1.0,
286,louis_pilot,TrialDigitSpan,1.0,2.0,0,1.0,1.0,
287,louis_pilot,TrialDigitSpan,1.0,2.0,1,2.0,2.0,
288,louis_pilot,TrialDigitSpan,1.0,2.0,1,3.0,3.0,
289,louis_pilot,TrialDigitSpan,1.0,2.0,1,4.0,4.0,
290,louis_pilot,TrialDigitSpan,1.0,2.0,1,5.0,5.0,
291,louis_pilot,TrialDigitSpan,1.0,2.0,1,6.0,6.0,
292,louis_pilot,TrialDigitSpan,1.0,2.0,1,7.0,7.0,
293,louis_pilot,TrialSpatialRotation,1.0,1.0,1,0.0,1.0,
294,louis_pilot,TrialSpatialRotation,1.0,1.0,0,1.0,1.0,
295,louis_pilot,TrialSpatialRotation,1.0,1.0,1,2.0,2.0,
296,louis_pilot,TrialSpatialRotation,1.0,1.0,0,3.0,2.0,
297,louis_pilot,TrialSpatialRotation,1.0,1.0,1,4.0,3.0,
298,louis_pilot,TrialSpatialRotation,1.0,1.0,1,5.0,4.0,
299,louis_pilot,TrialSpatialRotation,1.0,2.0,0,0.0,0.0,
300,louis_pilot,TrialSpatialRotation,1.0,2.0,1,1.0,1.0,
301,louis_pilot,TrialSpatialRotation,1.0,2.0,0,2.0,1.0,
302,louis_pilot,TrialSpatialRotation,1.0,2.0,1,3.0,2.0,
303,louis_pilot,TrialSpatialRotation,1.0,2.0,0,4.0,2.0,
304,louis_pilot,TrialSpatialRotation,1.0,2.0,1,5.0,3.0,
305,louis_pilot,TrialSpatialRotation,1.0,2.0,0,6.0,3.0,
306,louis_pilot,TrialSpatialRotation,1.0,2.0,0,7.0,3.0,
307,louis_pilot,TrialSpatialRotation,1.0,3.0,0,0.0,0.0,
308,louis_pilot,TrialSpatialRotation,1.0,3.0,1,1.0,1.0,
309,louis_pilot,TrialSpatialRotation,1.0,3.0,1,2.0,2.0,
310,louis_pilot,TrialSpatialRotation,1.0,3.0,1,3.0,3.0,
311,louis_pilot,TrialSpatialRotation,1.0,3.0,1,4.0,4.0,
312,louis_pilot,TrialSpatialRotation,1.0,3.0,1,5.0,5.0,
313,louis_pilot,TrialSpatialRotation,1.0,4.0,1,0.0,1.0,
314,louis_pilot,TrialSpatialRotation,1.0,4.0,1,1.0,2.0,
315,louis_pilot,TrialSpatialRotation,1.0,4.0,1,2.0,3.0,
316,louis_pilot,TrialSpatialRotation,1.0,4.0,0,3.0,3.0,
317,louis_pilot,TrialSpatialRotation,1.0,4.0,0,4.0,3.0,
318,louis_pilot,TrialSpatialRotation,1.0,4.0,0,5.0,3.0,
319,louis_pilot,TrialSpatialRotation,1.0,4.0,0,6.0,3.0,
320,louis_pilot,TrialSpatialRotation,1.0,4.0,0,7.0,3.0,
321,louis_pilot,TrialSpatialSpan,1.0,1.0,0,0.0,0.0,
322,louis_pilot,TrialSpatialSpan,1.0,1.0,1,1.0,1.0,
323,louis_pilot,TrialSpatialSpan,1.0,1.0,1,2.0,2.0,
324,louis_pilot,TrialSpatialSpan,1.0,1.0,1,3.0,3.0,
325,louis_pilot,TrialSpatialSpan,1.0,1.0,0,4.0,3.0,
326,louis_pilot,TrialSpatialSpan,1.0,1.0,0,5.0,3.0,
327,louis_pilot,TrialSpatialSpan,1.0,1.0,0,6.0,3.0,
328,louis_pilot,TrialSpatialSpan,1.0,2.0,1,0.0,1.0,
329,louis_pilot,TrialSpatialSpan,1.0,2.0,1,1.0,2.0,
330,louis_pilot,TrialSpatialSpan,1.0,2.0,0,2.0,2.0,
331,louis_pilot,TrialSpatialSpan,1.0,2.0,0,3.0,2.0,
332,louis_pilot,TrialSpatialSpan,1.0,2.0,1,4.0,3.0,
333,louis_pilot,TrialSpatialSpan,1.0,2.0,0,5.0,3.0,
334,louis_pilot,TrialSpatialSpan,1.0,2.0,0,6.0,3.0,
335,louis_pilot,TrialSpatialSpan,1.0,2.0,0,7.0,3.0,
336,louis_pilot,TrialSpatialSpan,1.0,2.0,0,8.0,3.0,
337,louis_pilot,TrialSpatialSpan,1.0,3.0,0,0.0,0.0,
338,louis_pilot,TrialSpatialSpan,1.0,3.0,1,1.0,1.0,
339,louis_pilot,TrialSpatialSpan,1.0,3.0,0,2.0,1.0,
340,louis_pilot,TrialSpatialSpan,1.0,3.0,0,3.0,1.0,
341,louis_pilot,TrialSpatialSpan,1.0,3.0,0,4.0,1.0,
342,louis_pilot,TrialSpatialSpan,1.0,3.0,1,5.0,2.0,
343,louis_pilot,TrialSpatialSpan,1.0,4.0,0,0.0,0.0,
344,louis_pilot,TrialSpatialSpan,1.0,4.0,1,1.0,1.0,
345,louis_pilot,TrialSpatialSpan,1.0,4.0,1,2.0,2.0,
346,louis_pilot,TrialDigitSpan,2.0,1.0,1,0.0,1.0,
347,louis_pilot,TrialDigitSpan,2.0,1.0,0,1.0,1.0,
348,louis_pilot,TrialDigitSpan,2.0,1.0,1,2.0,2.0,
349,louis_pilot,TrialDigitSpan,2.0,1.0,1,3.0,3.0,
350,louis_pilot,TrialDigitSpan,2.0,1.0,1,4.0,4.0,
351,louis_pilot,TrialDigitSpan,2.0,1.0,1,5.0,5.0,
352,louis_pilot,TrialDigitSpan,2.0,2.0,1,0.0,1.0,
353,louis_pilot,TrialDigitSpan,2.0,2.0,1,1.0,2.0,
354,louis_pilot,TrialDigitSpan,2.0,2.0,1,2.0,3.0,
355,louis_pilot,TrialDigitSpan,2.0,2.0,1,3.0,4.0,
356,louis_pilot,TrialDigitSpan,2.0,2.0,0,4.0,4.0,
357,louis_pilot,TrialDigitSpan,2.0,2.0,1,5.0,5.0,
358,louis_pilot,TrialDigitSpan,2.0,2.0,0,6.0,5.0,
359,louis_pilot,TrialDigitSpan,2.0,2.0,1,7.0,6.0,
360,louis_pilot,TrialDigitSpan,2.0,3.0,1,0.0,1.0,
361,louis_pilot,TrialDigitSpan,2.0,3.0,1,1.0,2.0,
362,louis_pilot,TrialDigitSpan,2.0,3.0,0,2.0,2.0,
363,louis_pilot,TrialDigitSpan,2.0,3.0,1,3.0,3.0,
364,louis_pilot,TrialDigitSpan,2.0,3.0,1,4.0,4.0,
365,louis_pilot,TrialDigitSpan,2.0,3.0,0,5.0,4.0,
366,louis_pilot,TrialDigitSpan,2.0,3.0,1,6.0,5.0,
367,louis_pilot,TrialDigitSpan,2.0,4.0,1,0.0,1.0,
368,louis_pilot,TrialDigitSpan,2.0,4.0,1,1.0,2.0,
369,louis_pilot,TrialDigitSpan,2.0,4.0,1,2.0,3.0,
370,louis_pilot,TrialDigitSpan,2.0,4.0,1,3.0,4.0,
371,louis_pilot,TrialDigitSpan,2.0,4.0,1,4.0,5.0,
372,louis_pilot,TrialDigitSpan,2.0,4.0,1,5.0,6.0,
373,louis_pilot,TrialDigitSpan,2.0,4.0,1,6.0,7.0,
374,louis_pilot,TrialDigitSpan,2.0,4.0,1,7.0,8.0,
375,louis_pilot,TrialDigitSpan,2.0,4.0,1,8.0,9.0,
376,louis_pilot,TrialSpatialRotation,2.0,1.0,1,0.0,1.0,
377,louis_pilot,TrialSpatialRotation,2.0,1.0,1,1.0,2.0,
378,louis_pilot,TrialSpatialRotation,2.0,1.0,1,2.0,3.0,
379,louis_pilot,TrialSpatialRotation,2.0,1.0,1,3.0,4.0,
380,louis_pilot,TrialSpatialRotation,2.0,1.0,0,4.0,4.0,
381,louis_pilot,TrialSpatialRotation,2.0,1.0,0,5.0,4.0,
382,louis_pilot,TrialSpatialRotation,2.0,1.0,1,6.0,5.0,
383,louis_pilot,TrialSpatialRotation,2.0,2.0,0,0.0,0.0,
384,louis_pilot,TrialSpatialRotation,2.0,2.0,0,1.0,0.0,
385,louis_pilot,TrialSpatialRotation,2.0,2.0,0,2.0,0.0,
386,louis_pilot,TrialSpatialRotation,2.0,2.0,0,3.0,0.0,
387,louis_pilot,TrialSpatialRotation,2.0,2.0,1,4.0,1.0,
388,louis_pilot,TrialSpatialRotation,2.0,2.0,0,5.0,1.0,
389,louis_pilot,TrialSpatialRotation,2.0,2.0,1,6.0,2.0,
390,louis_pilot,TrialSpatialRotation,2.0,2.0,1,7.0,3.0,
391,louis_pilot,TrialSpatialRotation,2.0,2.0,1,8.0,4.0,
392,louis_pilot,TrialSpatialRotation,2.0,3.0,0,0.0,0.0,
393,louis_pilot,TrialSpatialRotation,2.0,3.0,0,1.0,0.0,
394,louis_pilot,TrialSpatialRotation,2.0,3.0,1,2.0,1.0,
395,louis_pilot,TrialSpatialRotation,2.0,3.0,0,3.0,1.0,
396,louis_pilot,TrialSpatialRotation,2.0,3.0,1,4.0,2.0,
397,louis_pilot,TrialSpatialRotation,2.0,3.0,1,5.0,3.0,
398,louis_pilot,TrialSpatialRotation,2.0,3.0,0,6.0,3.0,
399,louis_pilot,TrialSpatialRotation,2.0,3.0,0,7.0,3.0,
400,louis_pilot,TrialSpatialRotation,2.0,4.0,1,0.0,1.0,
401,louis_pilot,TrialSpatialRotation,2.0,4.0,1,1.0,2.0,
402,louis_pilot,TrialSpatialRotation,2.0,4.0,1,2.0,3.0,
403,louis_pilot,TrialSpatialSpan,2.0,1.0,1,0.0,1.0,
404,louis_pilot,TrialSpatialSpan,2.0,1.0,1,1.0,2.0,
405,louis_pilot,TrialSpatialSpan,2.0,1.0,1,2.0,3.0,
406,louis_pilot,TrialSpatialSpan,2.0,2.0,1,0.0,1.0,
407,louis_pilot,TrialSpatialSpan,2.0,2.0,1,1.0,2.0,
408,louis_pilot,TrialSpatialSpan,2.0,2.0,0,2.0,2.0,
409,louis_pilot,TrialSpatialSpan,2.0,2.0,1,3.0,3.0,
410,louis_pilot,TrialSpatialSpan,2.0,2.0,0,4.0,3.0,
411,louis_pilot,TrialSpatialSpan,2.0,2.0,1,5.0,4.0,
412,louis_pilot,TrialSpatialSpan,2.0,2.0,1,6.0,5.0,
413,louis_pilot,TrialDigitSpan,3.0,1.0,1,0.0,1.0,
414,louis_pilot,TrialDigitSpan,3.0,1.0,1,1.0,2.0,
415,louis_pilot,TrialDigitSpan,3.0,1.0,1,2.0,3.0,
416,louis_pilot,TrialDigitSpan,3.0,1.0,1,3.0,4.0,
417,louis_pilot,TrialDigitSpan,3.0,1.0,1,4.0,5.0,
418,louis_pilot,TrialDigitSpan,3.0,1.0,0,5.0,5.0,
419,louis_pilot,TrialDigitSpan,3.0,1.0,1,6.0,6.0,
420,louis_pilot,TrialDigitSpan,3.0,2.0,0,0.0,0.0,
421,louis_pilot,TrialDigitSpan,3.0,2.0,1,1.0,1.0,
422,louis_pilot,TrialDigitSpan,3.0,2.0,1,2.0,2.0,
423,louis_pilot,TrialDigitSpan,3.0,2.0,1,3.0,3.0,
424,louis_pilot,TrialDigitSpan,3.0,2.0,1,4.0,4.0,
425,louis_pilot,TrialDigitSpan,3.0,2.0,1,5.0,5.0,
426,louis_pilot,TrialDigitSpan,3.0,2.0,1,6.0,6.0,
427,louis_pilot,TrialDigitSpan,3.0,2.0,1,7.0,7.0,
428,louis_pilot,TrialDigitSpan,3.0,3.0,0,0.0,0.0,
429,louis_pilot,TrialDigitSpan,3.0,3.0,1,1.0,1.0,
430,louis_pilot,TrialDigitSpan,3.0,3.0,1,2.0,2.0,
431,louis_pilot,TrialDigitSpan,3.0,3.0,1,3.0,3.0,
432,louis_pilot,TrialDigitSpan,3.0,3.0,1,4.0,4.0,
433,louis_pilot,TrialDigitSpan,3.0,3.0,0,5.0,4.0,
434,louis_pilot,TrialSpatialRotation,3.0,1.0,0,0.0,0.0,
435,louis_pilot,TrialSpatialRotation,3.0,1.0,1,1.0,1.0,
436,louis_pilot,TrialSpatialRotation,3.0,1.0,1,2.0,2.0,
437,louis_pilot,TrialSpatialRotation,3.0,1.0,0,3.0,2.0,
438,louis_pilot,TrialSpatialRotation,3.0,2.0,1,0.0,1.0,
439,louis_pilot,TrialSpatialRotation,3.0,2.0,1,1.0,2.0,
440,louis_pilot,TrialSpatialRotation,3.0,2.0,0,2.0,2.0,
441,louis_pilot,TrialSpatialRotation,3.0,2.0,1,3.0,3.0,
442,louis_pilot,TrialSpatialRotation,3.0,2.0,1,4.0,4.0,
443,louis_pilot,TrialSpatialRotation,3.0,2.0,1,5.0,5.0,
444,louis_pilot,TrialSpatialRotation,3.0,2.0,0,6.0,5.0,
445,louis_pilot,TrialSpatialRotation,3.0,3.0,1,0.0,1.0,
446,louis_pilot,TrialSpatialRotation,3.0,3.0,0,1.0,1.0,
447,louis_pilot,TrialSpatialRotation,3.0,3.0,1,2.0,2.0,
448,louis_pilot,TrialSpatialRotation,3.0,3.0,1,3.0,3.0,
449,louis_pilot,TrialSpatialRotation,3.0,3.0,0,4.0,3.0,
450,louis_pilot,TrialSpatialRotation,3.0,3.0,1,5.0,4.0,
451,louis_pilot,TrialSpatialRotation,3.0,4.0,0,0.0,0.0,
452,louis_pilot,TrialSpatialRotation,3.0,4.0,1,1.0,1.0,
453,louis_pilot,TrialSpatialRotation,3.0,4.0,1,2.0,2.0,
454,louis_pilot,TrialSpatialRotation,3.0,4.0,0,3.0,2.0,
455,louis_pilot,TrialSpatialRotation,3.0,4.0,1,4.0,3.0,
456,louis_pilot,TrialSpatialRotation,3.0,4.0,1,5.0,4.0,
457,louis_pilot,TrialSpatialRotation,3.0,4.0,0,6.0,4.0,
458,louis_pilot,TrialSpatialSpan,3.0,1.0,1,0.0,1.0,
459,louis_pilot,TrialSpatialSpan,3.0,1.0,0,1.0,1.0,
460,louis_pilot,TrialSpatialSpan,3.0,1.0,0,2.0,1.0,
461,louis_pilot,TrialSpatialSpan,3.0,1.0,1,3.0,2.0,
462,louis_pilot,TrialSpatialSpan,3.0,1.0,1,4.0,3.0,
463,louis_pilot,TrialSpatialSpan,3.0,1.0,1,5.0,4.0,
464,louis_pilot,TrialSpatialSpan,3.0,1.0,0,6.0,4.0,
465,louis_pilot,TrialSpatialSpan,3.0,1.0,1,7.0,5.0,
466,louis_pilot,TrialSpatialSpan,3.0,2.0,1,0.0,1.0,
467,louis_pilot,TrialSpatialSpan,3.0,2.0,0,1.0,1.0,
468,louis_pilot,TrialSpatialSpan,3.0,2.0,1,2.0,2.0,
469,louis_pilot,TrialSpatialSpan,3.0,2.0,0,3.0,2.0,
470,louis_pilot,TrialSpatialSpan,3.0,2.0,1,4.0,3.0,
471,louis_pilot,TrialSpatialSpan,3.0,2.0,1,5.0,4.0,
472,louis_pilot,TrialSpatialSpan,3.0,2.0,0,6.0,4.0,
473,louis_pilot,TrialSpatialSpan,3.0,2.0,1,7.0,5.0,
474,louis_pilot,TrialSpatialSpan,3.0,2.0,0,8.0,5.0,
475,louis_pilot,TrialSpatialSpan,3.0,3.0,0,0.0,0.0,
476,louis_pilot,TrialSpatialSpan,3.0,3.0,1,1.0,1.0,
477,louis_pilot,TrialSpatialSpan,3.0,3.0,0,2.0,1.0,
478,louis_pilot,TrialDigitSpan,4.0,1.0,0,0.0,0.0,
479,louis_pilot,TrialDigitSpan,4.0,1.0,1,1.0,1.0,
480,louis_pilot,TrialDigitSpan,4.0,1.0,1,2.0,2.0,
481,louis_pilot,TrialDigitSpan,4.0,1.0,0,3.0,2.0,
482,louis_pilot,TrialDigitSpan,4.0,1.0,1,4.0,3.0,
483,louis_pilot,TrialDigitSpan,4.0,1.0,1,5.0,4.0,
484,louis_pilot,TrialDigitSpan,4.0,1.0,1,6.0,5.0,
485,louis_pilot,TrialDigitSpan,4.0,1.0,1,7.0,6.0,
486,louis_pilot,TrialDigitSpan,4.0,2.0,0,0.0,0.0,
487,louis_pilot,TrialDigitSpan,4.0,2.0,1,1.0,1.0,
488,louis_pilot,TrialDigitSpan,4.0,2.0,1,2.0,2.0,
489,louis_pilot,TrialDigitSpan,4.0,2.0,0,3.0,2.0,
490,louis_pilot,TrialDigitSpan,4.0,2.0,0,4.0,2.0,
491,louis_pilot,TrialDigitSpan,4.0,2.0,1,5.0,3.0,
492,louis_pilot,TrialDigitSpan,4.0,3.0,1,0.0,1.0,
493,louis_pilot,TrialDigitSpan,4.0,3.0,1,1.0,2.0,
494,louis_pilot,TrialDigitSpan,4.0,3.0,1,2.0,3.0,
495,louis_pilot,TrialDigitSpan,4.0,3.0,0,3.0,3.0,
496,louis_pilot,TrialDigitSpan,4.0,3.0,0,4.0,3.0,
497,louis_pilot,TrialDigitSpan,4.0,3.0,1,5.0,4.0,
498,louis_pilot,TrialDigitSpan,4.0,3.0,0,6.0,4.0,
499,louis_pilot,TrialDigitSpan,4.0,3.0,0,7.0,4.0,
500,louis_pilot,TrialDigitSpan,4.0,3.0,1,8.0,5.0,
501,louis_pilot,TrialSpatialRotation,4.0,1.0,0,0.0,0.0,
502,louis_pilot,TrialSpatialRotation,4.0,1.0,0,1.0,0.0,
503,louis_pilot,TrialSpatialRotation,4.0,1.0,0,2.0,0.0,
504,louis_pilot,TrialSpatialRotation,4.0,1.0,0,3.0,0.0,
505,louis_pilot,TrialSpatialRotation,4.0,1.0,1,4.0,1.0,
506,louis_pilot,TrialSpatialRotation,4.0,1.0,1,5.0,2.0,
507,louis_pilot,TrialSpatialRotation,4.0,1.0,1,6.0,3.0,
508,louis_pilot,TrialSpatialRotation,4.0,1.0,1,7.0,4.0,
509,louis_pilot,TrialSpatialRotation,4.0,1.0,0,8.0,4.0,
510,louis_pilot,TrialSpatialRotation,4.0,2.0,0,0.0,0.0,
511,louis_pilot,TrialSpatialRotation,4.0,2.0,1,1.0,1.0,
512,louis_pilot,TrialSpatialRotation,4.0,2.0,0,2.0,1.0,
513,louis_pilot,TrialSpatialRotation,4.0,2.0,0,3.0,1.0,
514,louis_pilot,TrialSpatialSpan,4.0,1.0,1,0.0,1.0,
515,louis_pilot,TrialSpatialSpan,4.0,1.0,1,1.0,2.0,
516,louis_pilot,TrialSpatialSpan,4.0,1.0,0,2.0,2.0,
517,louis_pilot,TrialSpatialSpan,4.0,2.0,1,0.0,1.0,
518,louis_pilot,TrialSpatialSpan,4.0,2.0,0,1.0,1.0,
519,louis_pilot,TrialSpatialSpan,4.0,2.0,0,2.0,1.0,
520,louis_pilot,TrialSpatialSpan,4.0,2.0,1,3.0,2.0,
521,louis_pilot,TrialSpatialSpan,4.0,2.0,1,4.0,3.0,
522,louis_pilot,TrialSpatialSpan,4.0,2.0,1,5.0,4.0,
523,louis_pilot,TrialSpatialSpan,4.0,2.0,1,6.0,5.0,
524,louis_pilot,TrialSpatialSpan,4.0,2.0,1,7.0,6.0,
525,louis_pilot,TrialSpatialSpan,4.0,3.0,1,0.0,1.0,
526,louis_pilot,TrialSpatialSpan,4.0,3.0,0,1.0,1.0,
527,louis_pilot,TrialSpatialSpan,4.0,3.0,1,2.0,2.0,
528,louis_pilot,TrialSpatialSpan,4.0,3.0,1,3.0,3.0,
529,louis_pilot,TrialSpatialSpan,4.0,3.0,0,4.0,3.0,
530,louis_pilot,TrialSpatialSpan,4.0,3.0,1,5.0,4.0,
531,louis_pilot,TrialSpatialSpan,4.0,3.0,1,6.0,5.0,
532,louis_pilot,TrialSpatialSpan,4.0,3.0,0,7.0,5.0,
533,louis_pilot,TrialSpatialSpan,4.0,3.0,1,8.0,6.0,
534,louis_pilot,TrialSpatialSpan,4.0,4.0,1,0.0,1.0,
535,louis_pilot,TrialSpatialSpan,4.0,4.0,0,1.0,1.0,
536,louis_pilot,TrialSpatialSpan,4.0,4.0,0,2.0,1.0,
537,louis_pilot,TrialSpatialSpan,4.0,4.0,0,3.0,1.0,
538,louis_pilot,TrialSpatialSpan,4.0,4.0,1,4.0,2.0,
539,louis_pilot,TrialSpatialSpan,4.0,4.0,1,5.0,3.0,
540,louis_pilot,TrialSpatialSpan,4.0,4.0,1,6.0,4.0,
541,louis_pilot,TrialSpatialSpan,4.0,5.0,1,0.0,1.0,
542,louis_pilot,TrialSpatialSpan,4.0,5.0,0,1.0,1.0,
543,louis_pilot,TrialSpatialSpan,4.0,5.0,0,2.0,1.0,
544,louis_pilot,TrialSpatialSpan,4.0,5.0,0,3.0,1.0,
545,louis_pilot,TrialSpatialSpan,4.0,5.0,1,4.0,2.0,
546,louis_pilot,TrialSpatialSpan,4.0,5.0,0,5.0,2.0,
547,louis_pilot,TrialSpatialSpan,4.0,5.0,1,6.0,3.0,
548,louis_pilot,TrialSpatialSpan,4.0,5.0,1,7.0,4.0,
549,louis_pilot,TrialSpatialSpan,4.0,5.0,0,8.0,4.0,
550,madi_pilot,TrialDigitSpan,1.0,1.0,1,0.0,1.0,
551,madi_pilot,TrialDigitSpan,1.0,1.0,0,1.0,1.0,
552,madi_pilot,TrialDigitSpan,1.0,1.0,0,2.0,1.0,
553,madi_pilot,TrialDigitSpan,1.0,1.0,0,3.0,1.0,
554,madi_pilot,TrialDigitSpan,1.0,1.0,1,4.0,2.0,
555,madi_pilot,TrialDigitSpan,1.0,1.0,1,5.0,3.0,
556,madi_pilot,TrialDigitSpan,1.0,1.0,1,6.0,4.0,
557,madi_pilot,TrialDigitSpan,1.0,2.0,1,0.0,1.0,
558,madi_pilot,TrialDigitSpan,1.0,2.0,1,1.0,2.0,
559,madi_pilot,TrialDigitSpan,1.0,2.0,0,2.0,2.0,
560,madi_pilot,TrialDigitSpan,1.0,2.0,1,3.0,3.0,
561,madi_pilot,TrialDigitSpan,1.0,2.0,0,4.0,3.0,
562,madi_pilot,TrialDigitSpan,1.0,2.0,0,5.0,3.0,
563,madi_pilot,TrialDigitSpan,1.0,2.0,0,6.0,3.0,
564,madi_pilot,TrialDigitSpan,1.0,3.0,0,0.0,0.0,
565,madi_pilot,TrialDigitSpan,1.0,3.0,0,1.0,0.0,
566,madi_pilot,TrialDigitSpan,1.0,3.0,1,2.0,1.0,
567,madi_pilot,TrialDigitSpan,1.0,3.0,1,3.0,2.0,
568,madi_pilot,TrialDigitSpan,1.0,3.0,1,4.0,3.0,
569,madi_pilot,TrialDigitSpan,1.0,3.0,0,5.0,3.0,
570,madi_pilot,TrialDigitSpan,1.0,3.0,0,6.0,3.0,
571,madi_pilot,TrialDigitSpan,1.0,3.0,0,7.0,3.0,
572,madi_pilot,TrialDigitSpan,1.0,3.0,0,8.0,3.0,
573,madi_pilot,TrialDigitSpan,1.0,4.0,1,0.0,1.0,
574,madi_pilot,TrialDigitSpan,1.0,4.0,1,1.0,2.0,
575,madi_pilot,TrialDigitSpan,1.0,4.0,1,2.0,3.0,
576,madi_pilot,TrialDigitSpan,1.0,4.0,0,3.0,3.0,
577,madi_pilot,TrialDigitSpan,1.0,4.0,0,4.0,3.0,
578,madi_pilot,TrialDigitSpan,1.0,4.0,0,5.0,3.0,
579,madi_pilot,TrialDigitSpan,1.0,4.0,0,6.0,3.0,
580,madi_pilot,TrialDigitSpan,1.0,4.0,0,7.0,3.0,
581,madi_pilot,TrialSpatialRotation,1.0,1.0,0,0.0,0.0,
582,madi_pilot,TrialSpatialRotation,1.0,1.0,1,1.0,1.0,
583,madi_pilot,TrialSpatialRotation,1.0,1.0,1,2.0,2.0,
584,madi_pilot,TrialSpatialRotation,1.0,1.0,0,3.0,2.0,
585,madi_pilot,TrialSpatialRotation,1.0,1.0,0,4.0,2.0,
586,madi_pilot,TrialSpatialRotation,1.0,1.0,0,5.0,2.0,
587,madi_pilot,TrialSpatialRotation,1.0,1.0,1,6.0,3.0,
588,madi_pilot,TrialSpatialRotation,1.0,1.0,1,7.0,4.0,
589,madi_pilot,TrialSpatialRotation,1.0,1.0,1,8.0,5.0,
590,madi_pilot,TrialSpatialRotation,1.0,2.0,1,0.0,1.0,
591,madi_pilot,TrialSpatialRotation,1.0,2.0,0,1.0,1.0,
592,madi_pilot,TrialSpatialRotation,1.0,2.0,0,2.0,1.0,
593,madi_pilot,TrialSpatialRotation,1.0,2.0,0,3.0,1.0,
594,madi_pilot,TrialSpatialRotation,1.0,2.0,1,4.0,2.0,
595,madi_pilot,TrialSpatialRotation,1.0,2.0,1,5.0,3.0,
596,madi_pilot,TrialSpatialRotation,1.0,2.0,1,6.0,4.0,
597,madi_pilot,TrialSpatialRotation,1.0,2.0,0,7.0,4.0,
598,madi_pilot,TrialSpatialRotation,1.0,3.0,0,0.0,0.0,
599,madi_pilot,TrialSpatialRotation,1.0,3.0,1,1.0,1.0,
600,madi_pilot,TrialSpatialRotation,1.0,3.0,1,2.0,2.0,
601,madi_pilot,TrialSpatialSpan,1.0,1.0,1,0.0,1.0,
602,madi_pilot,TrialSpatialSpan,1.0,1.0,0,1.0,1.0,
603,madi_pilot,TrialSpatialSpan,1.0,1.0,0,2.0,1.0,
604,madi_pilot,TrialSpatialSpan,1.0,1.0,1,3.0,2.0,
605,madi_pilot,TrialSpatialSpan,1.0,1.0,1,4.0,3.0,
606,madi_pilot,TrialSpatialSpan,1.0,1.0,1,5.0,4.0,
607,madi_pilot,TrialSpatialSpan,1.0,1.0,0,6.0,4.0,
608,madi_pilot,TrialSpatialSpan,1.0,1.0,0,7.0,4.0,
609,madi_pilot,TrialSpatialSpan,1.0,1.0,1,8.0,5.0,
610,madi_pilot,TrialSpatialSpan,1.0,2.0,0,0.0,0.0,
611,madi_pilot,TrialSpatialSpan,1.0,2.0,1,1.0,1.0,
612,madi_pilot,TrialSpatialSpan,1.0,2.0,1,2.0,2.0,
613,madi_pilot,TrialSpatialSpan,1.0,2.0,1,3.0,3.0,
614,madi_pilot,TrialSpatialSpan,1.0,2.0,1,4.0,4.0,
615,madi_pilot,TrialSpatialSpan,1.0,2.0,0,5.0,4.0,
616,madi_pilot,TrialSpatialSpan,1.0,2.0,0,6.0,4.0,
617,madi_pilot,TrialSpatialSpan,1.0,2.0,1,7.0,5.0,
618,madi_pilot,TrialSpatialSpan,1.0,2.0,0,8.0,5.0,
619,madi_pilot,TrialSpatialSpan,1.0,3.0,1,0.0,1.0,
620,madi_pilot,TrialSpatialSpan,1.0,3.0,1,1.0,2.0,
621,madi_pilot,TrialSpatialSpan,1.0,3.0,1,2.0,3.0,
622,madi_pilot,TrialSpatialSpan,1.0,3.0,1,3.0,4.0,
623,madi_pilot,TrialSpatialSpan,1.0,3.0,0,4.0,4.0,
624,madi_pilot,TrialSpatialSpan,1.0,3.0,0,5.0,4.0,
625,madi_pilot,TrialSpatialSpan,1.0,3.0,1,6.0,5.0,
626,madi_pilot,TrialSpatialSpan,1.0,3.0,0,7.0,5.0,
627,madi_pilot,TrialDigitSpan,2.0,1.0,1,0.0,1.0,
628,madi_pilot,TrialDigitSpan,2.0,1.0,0,1.0,1.0,
629,madi_pilot,TrialDigitSpan,2.0,1.0,1,2.0,2.0,
630,madi_pilot,TrialDigitSpan,2.0,1.0,1,3.0,3.0,
631,madi_pilot,TrialDigitSpan,2.0,1.0,1,4.0,4.0,
632,madi_pilot,TrialDigitSpan,2.0,1.0,0,5.0,4.0,
633,madi_pilot,TrialDigitSpan,2.0,2.0,0,0.0,0.0,
634,madi_pilot,TrialDigitSpan,2.0,2.0,1,1.0,1.0,
635,madi_pilot,TrialDigitSpan,2.0,2.0,0,2.0,1.0,
636,madi_pilot,TrialDigitSpan,2.0,2.0,0,3.0,1.0,
637,madi_pilot,TrialDigitSpan,2.0,2.0,1,4.0,2.0,
638,madi_pilot,TrialDigitSpan,2.0,2.0,0,5.0,2.0,
639,madi_pilot,TrialDigitSpan,2.0,2.0,1,6.0,3.0,
640,madi_pilot,TrialDigitSpan,2.0,2.0,1,7.0,4.0,
641,madi_pilot,TrialDigitSpan,2.0,2.0,0,8.0,4.0,
642,madi_pilot,TrialDigitSpan,2.0,3.0,1,0.0,1.0,
643,madi_pilot,TrialDigitSpan,2.0,3.0,1,1.0,2.0,
644,madi_pilot,TrialDigitSpan,2.0,3.0,0,2.0,2.0,
645,madi_pilot,TrialDigitSpan,2.0,3.0,0,3.0,2.0,
646,madi_pilot,TrialDigitSpan,2.0,3.0,0,4.0,2.0,
647,madi_pilot,TrialDigitSpan,2.0,3.0,1,5.0,3.0,
648,madi_pilot,TrialDigitSpan,2.0,3.0,1,6.0,4.0,
649,madi_pilot,TrialDigitSpan,2.0,3.0,1,7.0,5.0,
650,madi_pilot,TrialDigitSpan,2.0,3.0,1,8.0,6.0,
651,madi_pilot,TrialSpatialRotation,2.0,1.0,1,0.0,1.0,
652,madi_pilot,TrialSpatialRotation,2.0,1.0,0,1.0,1.0,
653,madi_pilot,TrialSpatialRotation,2.0,1.0,1,2.0,2.0,
654,madi_pilot,TrialSpatialRotation,2.0,2.0,1,0.0,1.0,
655,madi_pilot,TrialSpatialRotation,2.0,2.0,0,1.0,1.0,
656,madi_pilot,TrialSpatialRotation,2.0,2.0,0,2.0,1.0,
657,madi_pilot,TrialSpatialRotation,2.0,2.0,0,3.0,1.0,
658,madi_pilot,TrialSpatialRotation,2.0,2.0,0,4.0,1.0,
659,madi_pilot,TrialSpatialRotation,2.0,2.0,1,5.0,2.0,
660,madi_pilot,TrialSpatialRotation,2.0,2.0,0,6.0,2.0,
661,madi_pilot,TrialSpatialRotation,2.0,2.0,0,7.0,2.0,
662,madi_pilot,TrialSpatialRotation,2.0,3.0,1,0.0,1.0,
663,madi_pilot,TrialSpatialRotation,2.0,3.0,1,1.0,2.0,
664,madi_pilot,TrialSpatialRotation,2.0,3.0,0,2.0,2.0,
665,madi_pilot,TrialSpatialRotation,2.0,3.0,1,3.0,3.0,
666,madi_pilot,TrialSpatialRotation,2.0,3.0,1,4.0,4.0,
667,madi_pilot,TrialSpatialRotation,2.0,3.0,0,5.0,4.0,
668,madi_pilot,TrialSpatialRotation,2.0,4.0,1,0.0,1.0,
669,madi_pilot,TrialSpatialRotation,2.0,4.0,1,1.0,2.0,
670,madi_pilot,TrialSpatialRotation,2.0,4.0,0,2.0,2.0,
671,madi_pilot,TrialSpatialRotation,2.0,4.0,0,3.0,2.0,
672,madi_pilot,TrialSpatialRotation,2.0,4.0,1,4.0,3.0,
673,madi_pilot,TrialSpatialRotation,2.0,4.0,1,5.0,4.0,
674,madi_pilot,TrialSpatialRotation,2.0,4.0,1,6.0,5.0,
675,madi_pilot,TrialSpatialRotation,2.0,5.0,1,0.0,1.0,
676,madi_pilot,TrialSpatialRotation,2.0,5.0,1,1.0,2.0,
677,madi_pilot,TrialSpatialRotation,2.0,5.0,0,2.0,2.0,
678,madi_pilot,TrialSpatialRotation,2.0,5.0,1,3.0,3.0,
679,madi_pilot,TrialSpatialRotation,2.0,5.0,0,4.0,3.0,
680,madi_pilot,TrialSpatialRotation,2.0,5.0,0,5.0,3.0,
681,madi_pilot,TrialSpatialRotation,2.0,5.0,1,6.0,4.0,
682,madi_pilot,TrialSpatialRotation,2.0,5.0,1,7.0,5.0,
683,madi_pilot,TrialSpatialRotation,2.0,5.0,0,8.0,5.0,
684,madi_pilot,TrialSpatialSpan,2.0,1.0,1,0.0,1.0,
685,madi_pilot,TrialSpatialSpan,2.0,1.0,0,1.0,1.0,
686,madi_pilot,TrialSpatialSpan,2.0,1.0,0,2.0,1.0,
687,madi_pilot,TrialSpatialSpan,2.0,1.0,0,3.0,1.0,
688,madi_pilot,TrialSpatialSpan,2.0,1.0,1,4.0,2.0,
689,madi_pilot,TrialSpatialSpan,2.0,1.0,0,5.0,2.0,
690,madi_pilot,TrialSpatialSpan,2.0,1.0,1,6.0,3.0,
691,madi_pilot,TrialSpatialSpan,2.0,2.0,0,0.0,0.0,
692,madi_pilot,TrialSpatialSpan,2.0,2.0,1,1.0,1.0,
693,madi_pilot,TrialSpatialSpan,2.0,2.0,0,2.0,1.0,
694,madi_pilot,TrialSpatialSpan,2.0,2.0,1,3.0,2.0,
695,madi_pilot,TrialDigitSpan,3.0,1.0,1,0.0,1.0,
696,madi_pilot,TrialDigitSpan,3.0,1.0,0,1.0,1.0,
697,madi_pilot,TrialDigitSpan,3.0,1.0,1,2.0,2.0,
698,madi_pilot,TrialDigitSpan,3.0,1.0,0,3.0,2.0,
699,madi_pilot,TrialDigitSpan,3.0,1.0,0,4.0,2.0,
700,madi_pilot,TrialDigitSpan,3.0,1.0,0,5.0,2.0,
701,madi_pilot,TrialDigitSpan,3.0,1.0,0,6.0,2.0,
702,madi_pilot,TrialDigitSpan,3.0,1.0,1,7.0,3.0,
703,madi_pilot,TrialDigitSpan,3.0,2.0,1,0.0,1.0,
704,madi_pilot,TrialDigitSpan,3.0,2.0,0,1.0,1.0,
705,madi_pilot,TrialDigitSpan,3.0,2.0,1,2.0,2.0,
706,madi_pilot,TrialDigitSpan,3.0,2.0,0,3.0,2.0,
707,madi_pilot,TrialDigitSpan,3.0,2.0,1,4.0,3.0,
708,madi_pilot,TrialDigitSpan,3.0,2.0,0,5.0,3.0,
709,madi_pilot,TrialDigitSpan,3.0,2.0,0,6.0,3.0,
710,madi_pilot,TrialDigitSpan,3.0,2.0,1,7.0,4.0,
711,madi_pilot,TrialDigitSpan,3.0,2.0,0,8.0,4.0,
712,madi_pilot,TrialDigitSpan,3.0,3.0,0,0.0,0.0,
713,madi_pilot,TrialDigitSpan,3.0,3.0,1,1.0,1.0,
714,madi_pilot,TrialDigitSpan,3.0,3.0,1,2.0,2.0,
715,madi_pilot,TrialDigitSpan,3.0,3.0,0,3.0,2.0,
716,madi_pilot,TrialDigitSpan,3.0,3.0,0,4.0,2.0,
717,madi_pilot,TrialDigitSpan,3.0,3.0,0,5.0,2.0,
718,madi_pilot,TrialSpatialRotation,3.0,1.0,1,0.0,1.0,
719,madi_pilot,TrialSpatialRotation,3.0,1.0,1,1.0,2.0,
720,madi_pilot,TrialSpatialRotation,3.0,1.0,1,2.0,3.0,
721,madi_pilot,TrialSpatialRotation,3.0,1.0,0,3.0,3.0,
722,madi_pilot,TrialSpatialRotation,3.0,1.0,1,4.0,4.0,
723,madi_pilot,TrialSpatialRotation,3.0,1.0,1,5.0,5.0,
724,madi_pilot,TrialSpatialRotation,3.0,2.0,0,0.0,0.0,
725,madi_pilot,TrialSpatialRotation,3.0,2.0,1,1.0,1.0,
726,madi_pilot,TrialSpatialRotation,3.0,2.0,1,2.0,2.0,
727,madi_pilot,TrialSpatialRotation,3.0,2.0,0,3.0,2.0,
728,madi_pilot,TrialSpatialRotation,3.0,2.0,1,4.0,3.0,
729,madi_pilot,TrialSpatialRotation,3.0,2.0,1,5.0,4.0,
730,madi_pilot,TrialSpatialRotation,3.0,2.0,1,6.0,5.0,
731,madi_pilot,TrialSpatialRotation,3.0,2.0,1,7.0,6.0,
732,madi_pilot,TrialSpatialRotation,3.0,2.0,0,8.0,6.0,
733,madi_pilot,TrialSpatialSpan,3.0,1.0,0,0.0,0.0,
734,madi_pilot,TrialSpatialSpan,3.0,1.0,1,1.0,1.0,
735,madi_pilot,TrialSpatialSpan,3.0,1.0,0,2.0,1.0,
736,madi_pilot,TrialSpatialSpan,3.0,1.0,1,3.0,2.0,
737,madi_pilot,TrialSpatialSpan,3.0,1.0,1,4.0,3.0,
738,madi_pilot,TrialSpatialSpan,3.0,2.0,0,0.0,0.0,
739,madi_pilot,TrialSpatialSpan,3.0,2.0,1,1.0,1.0,
740,madi_pilot,TrialSpatialSpan,3.0,2.0,1,2.0,2.0,
741,madi_pilot,TrialSpatialSpan,3.0,2.0,0,3.0,2.0,
742,madi_pilot,TrialSpatialSpan,3.0,2.0,1,4.0,3.0,
743,madi_pilot,TrialSpatialSpan,3.0,2.0,1,5.0,4.0,
744,madi_pilot,TrialSpatialSpan,3.0,2.0,0,6.0,4.0,
745,madi_pilot,TrialSpatialSpan,3.0,3.0,1,0.0,1.0,
746,madi_pilot,TrialSpatialSpan,3.0,3.0,1,1.0,2.0,
747,madi_pilot,TrialSpatialSpan,3.0,3.0,0,2.0,2.0,
748,madi_pilot,TrialSpatialSpan,3.0,3.0,1,3.0,3.0,
749,madi_pilot,TrialSpatialSpan,3.0,3.0,1,4.0,4.0,
750,madi_pilot,TrialSpatialSpan,3.0,3.0,0,5.0,4.0,
751,madi_pilot,TrialSpatialSpan,3.0,3.0,1,6.0,5.0,
752,madi_pilot,TrialSpatialSpan,3.0,3.0,0,7.0,5.0,
753,madi_pilot,TrialSpatialSpan,3.0,4.0,1,0.0,1.0,
754,madi_pilot,TrialSpatialSpan,3.0,4.0,1,1.0,2.0,
755,madi_pilot,TrialSpatialSpan,3.0,4.0,1,2.0,3.0,
756,madi_pilot,TrialSpatialSpan,3.0,4.0,0,3.0,3.0,
757,madi_pilot,TrialSpatialSpan,3.0,4.0,1,4.0,4.0,
758,madi_pilot,TrialSpatialSpan,3.0,4.0,0,5.0,4.0,
759,madi_pilot,TrialSpatialSpan,3.0,5.0,1,0.0,1.0,
760,madi_pilot,TrialSpatialSpan,3.0,5.0,1,1.0,2.0,
761,madi_pilot,TrialSpatialSpan,3.0,5.0,0,2.0,2.0,
762,madi_pilot,TrialDigitSpan,4.0,1.0,1,0.0,1.0,
763,madi_pilot,TrialDigitSpan,4.0,1.0,0,1.0,1.0,
764,madi_pilot,TrialDigitSpan,4.0,1.0,1,2.0,2.0,
765,madi_pilot,TrialDigitSpan,4.0,1.0,1,3.0,3.0,
766,madi_pilot,TrialDigitSpan,4.0,1.0,1,4.0,4.0,
767,madi_pilot,TrialDigitSpan,4.0,1.0,1,5.0,5.0,
768,madi_pilot,TrialDigitSpan,4.0,1.0,1,6.0,6.0,
769,madi_pilot,TrialDigitSpan,4.0,1.0,1,7.0,7.0,
770,madi_pilot,TrialDigitSpan,4.0,1.0,1,8.0,8.0,
771,madi_pilot,TrialDigitSpan,4.0,2.0,1,0.0,1.0,
772,madi_pilot,TrialDigitSpan,4.0,2.0,1,1.0,2.0,
773,madi_pilot,TrialDigitSpan,4.0,2.0,1,2.0,3.0,
774,madi_pilot,TrialDigitSpan,4.0,2.0,0,3.0,3.0,
775,madi_pilot,TrialDigitSpan,4.0,2.0,0,4.0,3.0,
776,madi_pilot,TrialDigitSpan,4.0,2.0,1,5.0,4.0,
777,madi_pilot,TrialDigitSpan,4.0,2.0,1,6.0,5.0,
778,madi_pilot,TrialDigitSpan,4.0,2.0,0,7.0,5.0,
779,madi_pilot,TrialDigitSpan,4.0,2.0,1,8.0,6.0,
780,madi_pilot,TrialDigitSpan,4.0,3.0,0,0.0,0.0,
781,madi_pilot,TrialDigitSpan,4.0,3.0,1,1.0,1.0,
782,madi_pilot,TrialDigitSpan,4.0,3.0,1,2.0,2.0,
783,madi_pilot,TrialSpatialRotation,4.0,1.0,0,0.0,0.0,
784,madi_pilot,TrialSpatialRotation,4.0,1.0,1,1.0,1.0,
785,madi_pilot,TrialSpatialRotation,4.0,1.0,1,2.0,2.0,
786,madi_pilot,TrialSpatialRotation,4.0,1.0,1,3.0,3.0,
787,madi_pilot,TrialSpatialRotation,4.0,1.0,0,4.0,3.0,
788,madi_pilot,TrialSpatialRotation,4.0,1.0,1,5.0,4.0,
789,madi_pilot,TrialSpatialRotation,4.0,2.0,1,0.0,1.0,
790,madi_pilot,TrialSpatialRotation,4.0,2.0,1,1.0,2.0,
791,madi_pilot,TrialSpatialRotation,4.0,2.0,1,2.0,3.0,
792,madi_pilot,TrialSpatialRotation,4.0,2.0,0,3.0,3.0,
793,madi_pilot,TrialSpatialRotation,4.0,2.0,1,4.0,4.0,
794,madi_pilot,TrialSpatialRotation,4.0,2.0,1,5.0,5.0,
795,madi_pilot,TrialSpatialRotation,4.0,2.0,1,6.0,6.0,
796,madi_pilot,TrialSpatialRotation,4.0,2.0,1,7.0,7.0,
797,madi_pilot,TrialSpatialRotation,4.0,2.0,1,8.0,8.0,
798,madi_pilot,TrialSpatialRotation,4.0,3.0,1,0.0,1.0,
799,madi_pilot,TrialSpatialRotation,4.0,3.0,0,1.0,1.0,
800,madi_pilot,TrialSpatialRotation,4.0,3.0,1,2.0,2.0,
801,madi_pilot,TrialSpatialRotation,4.0,3.0,1,3.0,3.0,
802,madi_pilot,TrialSpatialRotation,4.0,3.0,0,4.0,3.0,
803,madi_pilot,TrialSpatialRotation,4.0,3.0,0,5.0,3.0,
804,madi_pilot,TrialSpatialRotation,4.0,3.0,0,6.0,3.0,
805,madi_pilot,TrialSpatialSpan,4.0,1.0,0,0.0,0.0,
806,madi_pilot,TrialSpatialSpan,4.0,1.0,0,1.0,0.0,
807,madi_pilot,TrialSpatialSpan,4.0,1.0,1,2.0,1.0,
808,madi_pilot,TrialSpatialSpan,4.0,2.0,0,0.0,0.0,
809,madi_pilot,TrialSpatialSpan,4.0,2.0,0,1.0,0.0,
810,madi_pilot,TrialSpatialSpan,4.0,2.0,1,2.0,1.0,
811,madi_pilot,TrialSpatialSpan,4.0,2.0,1,3.0,2.0,
812,madi_pilot,TrialSpatialSpan,4.0,2.0,0,4.0,2.0,
813,madi_pilot,TrialSpatialSpan,4.0,2.0,1,5.0,3.0,
814,madi_pilot,TrialSpatialSpan,4.0,2.0,1,6.0,4.0,
815,madi_pilot,TrialSpatialSpan,4.0,2.0,1,7.0,5.0,
816,madi_pilot,TrialSpatialSpan,4.0,2.0,0,8.0,5.0,
817,madi_pilot,TrialSpatialSpan,4.0,3.0,1,0.0,1.0,
818,madi_pilot,TrialSpatialSpan,4.0,3.0,0,1.0,1.0,
819,madi_pilot,TrialSpatialSpan,4.0,3.0,1,2.0,2.0,
820,madi_pilot,TrialSpatialSpan,4.0,3.0,1,3.0,3.0,
821,madi_pilot,TrialSpatialSpan,4.0,3.0,1,4.0,4.0,
822,madi_pilot,TrialSpatialSpan,4.0,3.0,1,5.0,5.0,
823,madi_pilot,TrialSpatialSpan,4.0,3.0,0,6.0,5.0,
824,madi_pilot,TrialSpatialSpan,4.0,3.0,1,7.0,6.0,
825,madi_pilot,TrialSpatialSpan,4.0,3.0,1,8.0,7.0,
826,madi_pilot,TrialSpatialSpan,4.0,4.0,0,0.0,0.0,
827,madi_pilot,TrialSpatialSpan,4.0,4.0,0,1.0,0.0,
828,madi_pilot,TrialSpatialSpan,4.0,4.0,1,2.0,1.0,
829,madi_pilot,TrialSpatialSpan,4.0,4.0,0,3.0,1.0,
830,madi_pilot,TrialSpatialSpan,4.0,4.0,0,4.0,1.0,
831,madi_pilot,TrialSpatialSpan,4.0,4.0,0,5.0,1.0,
832,madi_pilot,TrialSpatialSpan,4.0,4.0,0,6.0,1.0,
833,marianna_pilot,TrialDigitSpan,1.0,1.0,1,0.0,1.0,
834,marianna_pilot,TrialDigitSpan,1.0,1.0,0,1.0,1.0,
835,marianna_pilot,TrialDigitSpan,1.0,1.0,1,2.0,2.0,
836,marianna_pilot,TrialDigitSpan,1.0,1.0,1,3.0,3.0,
837,marianna_pilot,TrialDigitSpan,1.0,1.0,1,4.0,4.0,
838,marianna_pilot,TrialDigitSpan,1.0,1.0,0,5.0,4.0,
839,marianna_pilot,TrialDigitSpan,1.0,1.0,0,6.0,4.0,
840,marianna_pilot,TrialDigitSpan,1.0,1.0,0,7.0,4.0,
841,marianna_pilot,TrialDigitSpan,1.0,1.0,0,8.0,4.0,
842,marianna_pilot,TrialDigitSpan,1.0,2.0,1,0.0,1.0,
843,marianna_pilot,TrialDigitSpan,1.0,2.0,0,1.0,1.0,
844,marianna_pilot,TrialDigitSpan,1.0,2.0,1,2.0,2.0,
845,marianna_pilot,TrialDigitSpan,1.0,2.0,0,3.0,2.0,
846,marianna_pilot,TrialDigitSpan,1.0,2.0,1,4.0,3.0,
847,marianna_pilot,TrialDigitSpan,1.0,2.0,0,5.0,3.0,
848,marianna_pilot,TrialDigitSpan,1.0,2.0,0,6.0,3.0,
849,marianna_pilot,TrialDigitSpan,1.0,2.0,0,7.0,3.0,
850,marianna_pilot,TrialDigitSpan,1.0,3.0,0,0.0,0.0,
851,marianna_pilot,TrialDigitSpan,1.0,3.0,1,1.0,1.0,
852,marianna_pilot,TrialDigitSpan,1.0,3.0,1,2.0,2.0,
853,marianna_pilot,TrialDigitSpan,1.0,3.0,0,3.0,2.0,
854,marianna_pilot,TrialDigitSpan,1.0,3.0,1,4.0,3.0,
855,marianna_pilot,TrialDigitSpan,1.0,3.0,1,5.0,4.0,
856,marianna_pilot,TrialSpatialRotation,1.0,1.0,0,0.0,0.0,
857,marianna_pilot,TrialSpatialRotation,1.0,1.0,0,1.0,0.0,
858,marianna_pilot,TrialSpatialRotation,1.0,1.0,0,2.0,0.0,
859,marianna_pilot,TrialSpatialRotation,1.0,1.0,1,3.0,1.0,
860,marianna_pilot,TrialSpatialRotation,1.0,1.0,0,4.0,1.0,
861,marianna_pilot,TrialSpatialRotation,1.0,1.0,1,5.0,2.0,
862,marianna_pilot,TrialSpatialRotation,1.0,1.0,1,6.0,3.0,
863,marianna_pilot,TrialSpatialRotation,1.0,1.0,0,7.0,3.0,
864,marianna_pilot,TrialSpatialRotation,1.0,2.0,0,0.0,0.0,
865,marianna_pilot,TrialSpatialRotation,1.0,2.0,0,1.0,0.0,
866,marianna_pilot,TrialSpatialRotation,1.0,2.0,0,2.0,0.0,
867,marianna_pilot,TrialSpatialRotation,1.0,2.0,0,3.0,0.0,
868,marianna_pilot,TrialSpatialRotation,1.0,2.0,1,4.0,1.0,
869,marianna_pilot,TrialSpatialRotation,1.0,2.0,1,5.0,2.0,
870,marianna_pilot,TrialSpatialRotation,1.0,2.0,0,6.0,2.0,
871,marianna_pilot,TrialSpatialRotation,1.0,2.0,0,7.0,2.0,
872,marianna_pilot,TrialSpatialRotation,1.0,2.0,0,8.0,2.0,
873,marianna_pilot,TrialSpatialRotation,1.0,3.0,0,0.0,0.0,
874,marianna_pilot,TrialSpatialRotation,1.0,3.0,0,1.0,0.0,
875,marianna_pilot,TrialSpatialRotation,1.0,3.0,1,2.0,1.0,
876,marianna_pilot,TrialSpatialRotation,1.0,3.0,0,3.0,1.0,
877,marianna_pilot,TrialSpatialRotation,1.0,3.0,0,4.0,1.0,
878,marianna_pilot,TrialSpatialRotation,1.0,3.0,0,5.0,1.0,
879,marianna_pilot,TrialSpatialSpan,1.0,1.0,0,0.0,0.0,
880,marianna_pilot,TrialSpatialSpan,1.0,1.0,0,1.0,0.0,
881,marianna_pilot,TrialSpatialSpan,1.0,1.0,0,2.0,0.0,
882,marianna_pilot,TrialSpatialSpan,1.0,1.0,1,3.0,1.0,
883,marianna_pilot,TrialSpatialSpan,1.0,1.0,1,4.0,2.0,
884,marianna_pilot,TrialSpatialSpan,1.0,1.0,1,5.0,3.0,
885,marianna_pilot,TrialSpatialSpan,1.0,2.0,0,0.0,0.0,
886,marianna_pilot,TrialSpatialSpan,1.0,2.0,0,1.0,0.0,
887,marianna_pilot,TrialSpatialSpan,1.0,2.0,1,2.0,1.0,
888,marianna_pilot,TrialSpatialSpan,1.0,2.0,0,3.0,1.0,
889,marianna_pilot,TrialSpatialSpan,1.0,2.0,1,4.0,2.0,
890,marianna_pilot,TrialSpatialSpan,1.0,2.0,0,5.0,2.0,
891,marianna_pilot,TrialSpatialSpan,1.0,2.0,0,6.0,2.0,
892,marianna_pilot,TrialSpatialSpan,1.0,2.0,1,7.0,3.0,
893,marianna_pilot,TrialSpatialSpan,1.0,3.0,0,0.0,0.0,
894,marianna_pilot,TrialSpatialSpan,1.0,3.0,1,1.0,1.0,
895,marianna_pilot,TrialSpatialSpan,1.0,3.0,1,2.0,2.0,
896,marianna_pilot,TrialSpatialSpan,1.0,3.0,1,3.0,3.0,
897,marianna_pilot,TrialSpatialSpan,1.0,3.0,0,4.0,3.0,
898,marianna_pilot,TrialSpatialSpan,1.0,3.0,0,5.0,3.0,
899,marianna_pilot,TrialSpatialSpan,1.0,3.0,0,6.0,3.0,
900,marianna_pilot,TrialSpatialSpan,1.0,3.0,0,7.0,3.0,
901,marianna_pilot,TrialSpatialSpan,1.0,4.0,0,0.0,0.0,
902,marianna_pilot,TrialSpatialSpan,1.0,4.0,1,1.0,1.0,
903,marianna_pilot,TrialSpatialSpan,1.0,4.0,0,2.0,1.0,
904,marianna_pilot,TrialDigitSpan,2.0,1.0,0,0.0,0.0,
905,marianna_pilot,TrialDigitSpan,2.0,1.0,0,1.0,0.0,
906,marianna_pilot,TrialDigitSpan,2.0,1.0,0,2.0,0.0,
907,marianna_pilot,TrialDigitSpan,2.0,1.0,1,3.0,1.0,
908,marianna_pilot,TrialDigitSpan,2.0,1.0,0,4.0,1.0,
909,marianna_pilot,TrialDigitSpan,2.0,1.0,0,5.0,1.0,
910,marianna_pilot,TrialDigitSpan,2.0,1.0,0,6.0,1.0,
911,marianna_pilot,TrialDigitSpan,2.0,1.0,0,7.0,1.0,
912,marianna_pilot,TrialDigitSpan,2.0,2.0,1,0.0,1.0,
913,marianna_pilot,TrialDigitSpan,2.0,2.0,0,1.0,1.0,
914,marianna_pilot,TrialDigitSpan,2.0,2.0,1,2.0,2.0,
915,marianna_pilot,TrialDigitSpan,2.0,2.0,0,3.0,2.0,
916,marianna_pilot,TrialDigitSpan,2.0,2.0,0,4.0,2.0,
917,marianna_pilot,TrialDigitSpan,2.0,2.0,0,5.0,2.0,
918,marianna_pilot,TrialDigitSpan,2.0,2.0,0,6.0,2.0,
919,marianna_pilot,TrialDigitSpan,2.0,2.0,0,7.0,2.0,
920,marianna_pilot,TrialDigitSpan,2.0,3.0,1,0.0,1.0,
921,marianna_pilot,TrialDigitSpan,2.0,3.0,1,1.0,2.0,
922,marianna_pilot,TrialDigitSpan,2.0,3.0,1,2.0,3.0,
923,marianna_pilot,TrialDigitSpan,2.0,3.0,0,3.0,3.0,
924,marianna_pilot,TrialDigitSpan,2.0,3.0,1,4.0,4.0,
925,marianna_pilot,TrialDigitSpan,2.0,3.0,1,5.0,5.0,
926,marianna_pilot,TrialDigitSpan,2.0,3.0,1,6.0,6.0,
927,marianna_pilot,TrialDigitSpan,2.0,4.0,1,0.0,1.0,
928,marianna_pilot,TrialDigitSpan,2.0,4.0,0,1.0,1.0,
929,marianna_pilot,TrialDigitSpan,2.0,4.0,0,2.0,1.0,
930,marianna_pilot,TrialDigitSpan,2.0,4.0,1,3.0,2.0,
931,marianna_pilot,TrialDigitSpan,2.0,4.0,1,4.0,3.0,
932,marianna_pilot,TrialDigitSpan,2.0,4.0,1,5.0,4.0,
933,marianna_pilot,TrialDigitSpan,2.0,4.0,0,6.0,4.0,
934,marianna_pilot,TrialSpatialRotation,2.0,1.0,0,0.0,0.0,
935,marianna_pilot,TrialSpatialRotation,2.0,1.0,0,1.0,0.0,
936,marianna_pilot,TrialSpatialRotation,2.0,1.0,0,2.0,0.0,
937,marianna_pilot,TrialSpatialRotation,2.0,1.0,0,3.0,0.0,
938,marianna_pilot,TrialSpatialRotation,2.0,1.0,1,4.0,1.0,
939,marianna_pilot,TrialSpatialRotation,2.0,1.0,1,5.0,2.0,
940,marianna_pilot,TrialSpatialRotation,2.0,1.0,0,6.0,2.0,
941,marianna_pilot,TrialSpatialRotation,2.0,1.0,0,7.0,2.0,
942,marianna_pilot,TrialSpatialRotation,2.0,1.0,0,8.0,2.0,
943,marianna_pilot,TrialSpatialRotation,2.0,2.0,0,0.0,0.0,
944,marianna_pilot,TrialSpatialRotation,2.0,2.0,0,1.0,0.0,
945,marianna_pilot,TrialSpatialRotation,2.0,2.0,1,2.0,1.0,
946,marianna_pilot,TrialSpatialSpan,2.0,1.0,0,0.0,0.0,
947,marianna_pilot,TrialSpatialSpan,2.0,1.0,0,1.0,0.0,
948,marianna_pilot,TrialSpatialSpan,2.0,1.0,0,2.0,0.0,
949,marianna_pilot,TrialSpatialSpan,2.0,1.0,0,3.0,0.0,
950,marianna_pilot,TrialSpatialSpan,2.0,2.0,1,0.0,1.0,
951,marianna_pilot,TrialSpatialSpan,2.0,2.0,1,1.0,2.0,
952,marianna_pilot,TrialSpatialSpan,2.0,2.0,0,2.0,2.0,
953,marianna_pilot,TrialSpatialSpan,2.0,2.0,1,3.0,3.0,
954,marianna_pilot,TrialSpatialSpan,2.0,2.0,0,4.0,3.0,
955,marianna_pilot,TrialSpatialSpan,2.0,2.0,1,5.0,4.0,
956,marianna_pilot,TrialSpatialSpan,2.0,2.0,0,6.0,4.0,
957,marianna_pilot,TrialSpatialSpan,2.0,2.0,1,7.0,5.0,
958,marianna_pilot,TrialSpatialSpan,2.0,3.0,0,0.0,0.0,
959,marianna_pilot,TrialSpatialSpan,2.0,3.0,0,1.0,0.0,
960,marianna_pilot,TrialSpatialSpan,2.0,3.0,1,2.0,1.0,
961,marianna_pilot,TrialSpatialSpan,2.0,3.0,0,3.0,1.0,
962,marianna_pilot,TrialSpatialSpan,2.0,3.0,0,4.0,1.0,
963,marianna_pilot,TrialSpatialSpan,2.0,3.0,1,5.0,2.0,
964,marianna_pilot,TrialSpatialSpan,2.0,3.0,0,6.0,2.0,
965,marianna_pilot,TrialSpatialSpan,2.0,3.0,0,7.0,2.0,
966,marianna_pilot,TrialSpatialSpan,2.0,4.0,1,0.0,1.0,
967,marianna_pilot,TrialSpatialSpan,2.0,4.0,0,1.0,1.0,
968,marianna_pilot,TrialSpatialSpan,2.0,4.0,0,2.0,1.0,
969,marianna_pilot,TrialSpatialSpan,2.0,4.0,1,3.0,2.0,
970,marianna_pilot,TrialSpatialSpan,2.0,4.0,0,4.0,2.0,
971,marianna_pilot,TrialSpatialSpan,2.0,4.0,0,5.0,2.0,
972,marianna_pilot,TrialSpatialSpan,2.0,4.0,1,6.0,3.0,
973,marianna_pilot,TrialSpatialSpan,2.0,4.0,0,7.0,3.0,
974,marianna_pilot,TrialSpatialSpan,2.0,4.0,0,8.0,3.0,
975,marianna_pilot,TrialDigitSpan,3.0,1.0,0,0.0,0.0,
976,marianna_pilot,TrialDigitSpan,3.0,1.0,1,1.0,1.0,
977,marianna_pilot,TrialDigitSpan,3.0,1.0,1,2.0,2.0,
978,marianna_pilot,TrialDigitSpan,3.0,1.0,0,3.0,2.0,
979,marianna_pilot,TrialDigitSpan,3.0,1.0,0,4.0,2.0,
980,marianna_pilot,TrialDigitSpan,3.0,1.0,1,5.0,3.0,
981,marianna_pilot,TrialDigitSpan,3.0,2.0,0,0.0,0.0,
982,marianna_pilot,TrialDigitSpan,3.0,2.0,1,1.0,1.0,
983,marianna_pilot,TrialDigitSpan,3.0,2.0,1,2.0,2.0,
984,marianna_pilot,TrialDigitSpan,3.0,2.0,1,3.0,3.0,
985,marianna_pilot,TrialDigitSpan,3.0,2.0,1,4.0,4.0,
986,marianna_pilot,TrialDigitSpan,3.0,2.0,0,5.0,4.0,
987,marianna_pilot,TrialDigitSpan,3.0,2.0,0,6.0,4.0,
988,marianna_pilot,TrialDigitSpan,3.0,2.0,0,7.0,4.0,
989,marianna_pilot,TrialDigitSpan,3.0,2.0,1,8.0,5.0,
990,marianna_pilot,TrialDigitSpan,3.0,3.0,0,0.0,0.0,
991,marianna_pilot,TrialDigitSpan,3.0,3.0,1,1.0,1.0,
992,marianna_pilot,TrialDigitSpan,3.0,3.0,1,2.0,2.0,
993,marianna_pilot,TrialDigitSpan,3.0,3.0,1,3.0,3.0,
994,marianna_pilot,TrialDigitSpan,3.0,3.0,1,4.0,4.0,
995,marianna_pilot,TrialDigitSpan,3.0,3.0,0,5.0,4.0,
996,marianna_pilot,TrialDigitSpan,3.0,3.0,1,6.0,5.0,
997,marianna_pilot,TrialDigitSpan,3.0,3.0,0,7.0,5.0,
998,marianna_pilot,TrialSpatialRotation,3.0,1.0,0,0.0,0.0,
999,marianna_pilot,TrialSpatialRotation,3.0,1.0,0,1.0,0.0,
1000,marianna_pilot,TrialSpatialRotation,3.0,1.0,1,2.0,1.0,
1001,marianna_pilot,TrialSpatialRotation,3.0,1.0,0,3.0,1.0,
1002,marianna_pilot,TrialSpatialRotation,3.0,2.0,0,0.0,0.0,
1003,marianna_pilot,TrialSpatialRotation,3.0,2.0,0,1.0,0.0,
1004,marianna_pilot,TrialSpatialRotation,3.0,2.0,1,2.0,1.0,
1005,marianna_pilot,TrialSpatialRotation,3.0,2.0,0,3.0,1.0,
1006,marianna_pilot,TrialSpatialRotation,3.0,2.0,1,4.0,2.0,
1007,marianna_pilot,TrialSpatialRotation,3.0,2.0,0,5.0,2.0,
1008,marianna_pilot,TrialSpatialRotation,3.0,3.0,1,0.0,1.0,
1009,marianna_pilot,TrialSpatialRotation,3.0,3.0,0,1.0,1.0,
1010,marianna_pilot,TrialSpatialRotation,3.0,3.0,1,2.0,2.0,
1011,marianna_pilot,TrialSpatialRotation,3.0,3.0,0,3.0,2.0,
1012,marianna_pilot,TrialSpatialRotation,3.0,3.0,0,4.0,2.0,
1013,marianna_pilot,TrialSpatialRotation,3.0,3.0,1,5.0,3.0,
1014,marianna_pilot,TrialSpatialRotation,3.0,3.0,1,6.0,4.0,
1015,marianna_pilot,TrialSpatialRotation,3.0,4.0,0,0.0,0.0,
1016,marianna_pilot,TrialSpatialRotation,3.0,4.0,0,1.0,0.0,
1017,marianna_pilot,TrialSpatialRotation,3.0,4.0,1,2.0,1.0,
1018,marianna_pilot,TrialSpatialRotation,3.0,4.0,0,3.0,1.0,
1019,marianna_pilot,TrialSpatialRotation,3.0,4.0,1,4.0,2.0,
1020,marianna_pilot,TrialSpatialRotation,3.0,4.0,1,5.0,3.0,
1021,marianna_pilot,TrialSpatialRotation,3.0,5.0,1,0.0,1.0,
1022,marianna_pilot,TrialSpatialRotation,3.0,5.0,1,1.0,2.0,
1023,marianna_pilot,TrialSpatialRotation,3.0,5.0,1,2.0,3.0,
1024,marianna_pilot,TrialSpatialSpan,3.0,1.0,0,0.0,0.0,
1025,marianna_pilot,TrialSpatialSpan,3.0,1.0,1,1.0,1.0,
1026,marianna_pilot,TrialSpatialSpan,3.0,1.0,0,2.0,1.0,
1027,marianna_pilot,TrialSpatialSpan,3.0,1.0,1,3.0,2.0,
1028,marianna_pilot,TrialSpatialSpan,3.0,1.0,1,4.0,3.0,
1029,marianna_pilot,TrialSpatialSpan,3.0,1.0,1,5.0,4.0,
1030,marianna_pilot,TrialSpatialSpan,3.0,1.0,0,6.0,4.0,
1031,marianna_pilot,TrialSpatialSpan,3.0,1.0,0,7.0,4.0,
1032,marianna_pilot,TrialSpatialSpan,3.0,1.0,1,8.0,5.0,
1033,marianna_pilot,TrialSpatialSpan,3.0,2.0,0,0.0,0.0,
1034,marianna_pilot,TrialSpatialSpan,3.0,2.0,0,1.0,0.0,
1035,marianna_pilot,TrialSpatialSpan,3.0,2.0,0,2.0,0.0,
1036,marianna_pilot,TrialSpatialSpan,3.0,2.0,0,3.0,0.0,
1037,marianna_pilot,TrialSpatialSpan,3.0,2.0,0,4.0,0.0,
1038,marianna_pilot,TrialSpatialSpan,3.0,2.0,1,5.0,1.0,
1039,marianna_pilot,TrialSpatialSpan,3.0,2.0,0,6.0,1.0,
1040,marianna_pilot,TrialSpatialSpan,3.0,2.0,1,7.0,2.0,
1041,marianna_pilot,TrialDigitSpan,4.0,1.0,1,0.0,1.0,
1042,marianna_pilot,TrialDigitSpan,4.0,1.0,0,1.0,1.0,
1043,marianna_pilot,TrialDigitSpan,4.0,1.0,0,2.0,1.0,
1044,marianna_pilot,TrialDigitSpan,4.0,1.0,0,3.0,1.0,
1045,marianna_pilot,TrialDigitSpan,4.0,1.0,1,4.0,2.0,
1046,marianna_pilot,TrialDigitSpan,4.0,1.0,1,5.0,3.0,
1047,marianna_pilot,TrialDigitSpan,4.0,1.0,1,6.0,4.0,
1048,marianna_pilot,TrialDigitSpan,4.0,2.0,1,0.0,1.0,
1049,marianna_pilot,TrialDigitSpan,4.0,2.0,1,1.0,2.0,
1050,marianna_pilot,TrialDigitSpan,4.0,2.0,1,2.0,3.0,
1051,marianna_pilot,TrialDigitSpan,4.0,2.0,1,3.0,4.0,
1052,marianna_pilot,TrialDigitSpan,4.0,2.0,1,4.0,5.0,
1053,marianna_pilot,TrialDigitSpan,4.0,2.0,0,5.0,5.0,
1054,marianna_pilot,TrialDigitSpan,4.0,2.0,1,6.0,6.0,
1055,marianna_pilot,TrialDigitSpan,4.0,2.0,0,7.0,6.0,
1056,marianna_pilot,TrialDigitSpan,4.0,2.0,0,8.0,6.0,
1057,marianna_pilot,TrialSpatialRotation,4.0,1.0,1,0.0,1.0,
1058,marianna_pilot,TrialSpatialRotation,4.0,1.0,1,1.0,2.0,
1059,marianna_pilot,TrialSpatialRotation,4.0,1.0,0,2.0,2.0,
1060,marianna_pilot,TrialSpatialRotation,4.0,2.0,0,0.0,0.0,
1061,marianna_pilot,TrialSpatialRotation,4.0,2.0,1,1.0,1.0,
1062,marianna_pilot,TrialSpatialRotation,4.0,2.0,0,2.0,1.0,
1063,marianna_pilot,TrialSpatialRotation,4.0,2.0,0,3.0,1.0,
1064,marianna_pilot,TrialSpatialRotation,4.0,2.0,0,4.0,1.0,
1065,marianna_pilot,TrialSpatialRotation,4.0,2.0,0,5.0,1.0,
1066,marianna_pilot,TrialSpatialRotation,4.0,2.0,1,6.0,2.0,
1067,marianna_pilot,TrialSpatialRotation,4.0,2.0,0,7.0,2.0,
1068,marianna_pilot,TrialSpatialRotation,4.0,2.0,1,8.0,3.0,
1069,marianna_pilot,TrialSpatialRotation,4.0,3.0,0,0.0,0.0,
1070,marianna_pilot,TrialSpatialRotation,4.0,3.0,0,1.0,0.0,
1071,marianna_pilot,TrialSpatialRotation,4.0,3.0,0,2.0,0.0,
1072,marianna_pilot,TrialSpatialRotation,4.0,3.0,1,3.0,1.0,
1073,marianna_pilot,TrialSpatialRotation,4.0,3.0,0,4.0,1.0,
1074,marianna_pilot,TrialSpatialRotation,4.0,3.0,0,5.0,1.0,
1075,marianna_pilot,TrialSpatialRotation,4.0,4.0,0,0.0,0.0,
1076,marianna_pilot,TrialSpatialRotation,4.0,4.0,0,1.0,0.0,
1077,marianna_pilot,TrialSpatialRotation,4.0,4.0,0,2.0,0.0,
1078,marianna_pilot,TrialSpatialRotation,4.0,4.0,0,3.0,0.0,
1079,marianna_pilot,TrialSpatialRotation,4.0,4.0,0,4.0,0.0,
1080,marianna_pilot,TrialSpatialRotation,4.0,4.0,1,5.0,1.0,
1081,marianna_pilot,TrialSpatialRotation,4.0,4.0,0,6.0,1.0,
1082,marianna_pilot,TrialSpatialRotation,4.0,4.0,0,7.0,1.0,
1083,marianna_pilot,TrialSpatialRotation,4.0,4.0,1,8.0,2.0,
1084,marianna_pilot,TrialSpatialRotation,4.0,5.0,1,0.0,1.0,
1085,marianna_pilot,TrialSpatialRotation,4.0,5.0,1,1.0,2.0,
1086,marianna_pilot,TrialSpatialRotation,4.0,5.0,0,2.0,2.0,
1087,marianna_pilot,TrialSpatialSpan,4.0,1.0,0,0.0,0.0,
1088,marianna_pilot,TrialSpatialSpan,4.0,1.0,0,1.0,0.0,
1089,marianna_pilot,TrialSpatialSpan,4.0,1.0,0,2.0,0.0,
1090,marianna_pilot,TrialSpatialSpan,4.0,1.0,0,3.0,0.0,
1091,marianna_pilot,TrialSpatialSpan,4.0,1.0,0,4.0,0.0,
1092,marianna_pilot,TrialSpatialSpan,4.0,1.0,0,5.0,0.0,
1093,marianna_pilot,TrialSpatialSpan,4.0,2.0,0,0.0,0.0,
1094,marianna_pilot,TrialSpatialSpan,4.0,2.0,1,1.0,1.0,
1095,marianna_pilot,TrialSpatialSpan,4.0,2.0,0,2.0,1.0,
1096,marianna_pilot,TrialSpatialSpan,4.0,2.0,0,3.0,1.0,
1097,marianna_pilot,TrialSpatialSpan,4.0,2.0,0,4.0,1.0,
1098,marianna_pilot,TrialSpatialSpan,4.0,2.0,1,5.0,2.0,
1099,marianna_pilot,TrialSpatialSpan,4.0,2.0,1,6.0,3.0,
1100,marianna_pilot,TrialSpatialSpan,4.0,3.0,0,0.0,0.0,
1101,marianna_pilot,TrialSpatialSpan,4.0,3.0,0,1.0,0.0,
1102,marianna_pilot,TrialSpatialSpan,4.0,3.0,1,2.0,1.0,
1103,marianna_pilot,TrialSpatialSpan,4.0,3.0,0,3.0,1.0,
1104,marianna_pilot,TrialSpatialSpan,4.0,3.0,1,4.0,2.0,
1105,marianna_pilot,TrialSpatialSpan,4.0,3.0,0,5.0,2.0,
1106,marianna_pilot,TrialSpatialSpan,4.0,3.0,1,6.0,3.0,
1107,marianna_pilot,TrialSpatialSpan,4.0,3.0,1,7.0,4.0,
1108,marianna_pilot,TrialSpatialSpan,4.0,3.0,0,8.0,4.0,
1109,phil_pilot,TrialDigitSpan,1.0,1.0,1,0.0,1.0,
1110,phil_pilot,TrialDigitSpan,1.0,1.0,1,1.0,2.0,
1111,phil_pilot,TrialDigitSpan,1.0,1.0,1,2.0,3.0,
1112,phil_pilot,TrialDigitSpan,1.0,1.0,0,3.0,3.0,
1113,phil_pilot,TrialDigitSpan,1.0,1.0,0,4.0,3.0,
1114,phil_pilot,TrialDigitSpan,1.0,1.0,1,5.0,4.0,
1115,phil_pilot,TrialDigitSpan,1.0,1.0,1,6.0,5.0,
1116,phil_pilot,TrialDigitSpan,1.0,1.0,1,7.0,6.0,
1117,phil_pilot,TrialDigitSpan,1.0,2.0,1,0.0,1.0,
1118,phil_pilot,TrialDigitSpan,1.0,2.0,1,1.0,2.0,
1119,phil_pilot,TrialDigitSpan,1.0,2.0,1,2.0,3.0,
1120,phil_pilot,TrialDigitSpan,1.0,2.0,0,3.0,3.0,
1121,phil_pilot,TrialDigitSpan,1.0,2.0,0,4.0,3.0,
1122,phil_pilot,TrialDigitSpan,1.0,2.0,1,5.0,4.0,
1123,phil_pilot,TrialDigitSpan,1.0,2.0,1,6.0,5.0,
1124,phil_pilot,TrialDigitSpan,1.0,2.0,1,7.0,6.0,
1125,phil_pilot,TrialDigitSpan,1.0,3.0,1,0.0,1.0,
1126,phil_pilot,TrialDigitSpan,1.0,3.0,1,1.0,2.0,
1127,phil_pilot,TrialDigitSpan,1.0,3.0,0,2.0,2.0,
1128,phil_pilot,TrialDigitSpan,1.0,3.0,1,3.0,3.0,
1129,phil_pilot,TrialDigitSpan,1.0,3.0,1,4.0,4.0,
1130,phil_pilot,TrialDigitSpan,1.0,3.0,1,5.0,5.0,
1131,phil_pilot,TrialDigitSpan,1.0,3.0,1,6.0,6.0,
1132,phil_pilot,TrialDigitSpan,1.0,4.0,1,0.0,1.0,
1133,phil_pilot,TrialDigitSpan,1.0,4.0,1,1.0,2.0,
1134,phil_pilot,TrialDigitSpan,1.0,4.0,1,2.0,3.0,
1135,phil_pilot,TrialDigitSpan,1.0,4.0,1,3.0,4.0,
1136,phil_pilot,TrialSpatialRotation,1.0,1.0,0,0.0,0.0,
1137,phil_pilot,TrialSpatialRotation,1.0,1.0,1,1.0,1.0,
1138,phil_pilot,TrialSpatialRotation,1.0,1.0,0,2.0,1.0,
1139,phil_pilot,TrialSpatialRotation,1.0,1.0,1,3.0,2.0,
1140,phil_pilot,TrialSpatialRotation,1.0,1.0,0,4.0,2.0,
1141,phil_pilot,TrialSpatialRotation,1.0,1.0,1,5.0,3.0,
1142,phil_pilot,TrialSpatialRotation,1.0,1.0,1,6.0,4.0,
1143,phil_pilot,TrialSpatialRotation,1.0,1.0,1,7.0,5.0,
1144,phil_pilot,TrialSpatialRotation,1.0,1.0,0,8.0,5.0,
1145,phil_pilot,TrialSpatialRotation,1.0,2.0,1,0.0,1.0,
1146,phil_pilot,TrialSpatialRotation,1.0,2.0,1,1.0,2.0,
1147,phil_pilot,TrialSpatialRotation,1.0,2.0,1,2.0,3.0,
1148,phil_pilot,TrialSpatialRotation,1.0,2.0,1,3.0,4.0,
1149,phil_pilot,TrialSpatialRotation,1.0,2.0,1,4.0,5.0,
1150,phil_pilot,TrialSpatialRotation,1.0,2.0,1,5.0,6.0,
1151,phil_pilot,TrialSpatialRotation,1.0,2.0,0,6.0,6.0,
1152,phil_pilot,TrialSpatialRotation,1.0,2.0,0,7.0,6.0,
1153,phil_pilot,TrialSpatialRotation,1.0,2.0,1,8.0,7.0,
1154,phil_pilot,TrialSpatialSpan,1.0,1.0,1,0.0,1.0,
1155,phil_pilot,TrialSpatialSpan,1.0,1.0,1,1.0,2.0,
1156,phil_pilot,TrialSpatialSpan,1.0,1.0,1,2.0,3.0,
1157,phil_pilot,TrialSpatialSpan,1.0,1.0,1,3.0,4.0,
1158,phil_pilot,TrialSpatialSpan,1.0,1.0,1,4.0,5.0,
1159,phil_pilot,TrialSpatialSpan,1.0,1.0,0,5.0,5.0,
1160,phil_pilot,TrialSpatialSpan,1.0,2.0,1,0.0,1.0,
1161,phil_pilot,TrialSpatialSpan,1.0,2.0,0,1.0,1.0,
1162,phil_pilot,TrialSpatialSpan,1.0,2.0,1,2.0,2.0,
1163,phil_pilot,TrialSpatialSpan,1.0,2.0,1,3.0,3.0,
1164,phil_pilot,TrialSpatialSpan,1.0,2.0,1,4.0,4.0,
1165,phil_pilot,TrialSpatialSpan,1.0,2.0,1,5.0,5.0,
1166,phil_pilot,TrialSpatialSpan,1.0,3.0,0,0.0,0.0,
1167,phil_pilot,TrialSpatialSpan,1.0,3.0,0,1.0,0.0,
1168,phil_pilot,TrialSpatialSpan,1.0,3.0,0,2.0,0.0,
1169,phil_pilot,TrialSpatialSpan,1.0,3.0,1,3.0,1.0,
1170,phil_pilot,TrialSpatialSpan,1.0,3.0,0,4.0,1.0,
1171,phil_pilot,TrialSpatialSpan,1.0,3.0,0,5.0,1.0,
1172,phil_pilot,TrialSpatialSpan,1.0,3.0,1,6.0,2.0,
1173,phil_pilot,TrialSpatialSpan,1.0,3.0,1,7.0,3.0,
1174,phil_pilot,TrialSpatialSpan,1.0,4.0,0,0.0,0.0,
1175,phil_pilot,TrialSpatialSpan,1.0,4.0,0,1.0,0.0,
1176,phil_pilot,TrialSpatialSpan,1.0,4.0,0,2.0,0.0,
1177,phil_pilot,TrialSpatialSpan,1.0,4.0,0,3.0,0.0,
1178,phil_pilot,TrialSpatialSpan,1.0,4.0,1,4.0,1.0,
1179,phil_pilot,TrialSpatialSpan,1.0,4.0,1,5.0,2.0,
1180,phil_pilot,TrialSpatialSpan,1.0,4.0,1,6.0,3.0,
1181,phil_pilot,TrialDigitSpan,2.0,1.0,0,0.0,0.0,
1182,phil_pilot,TrialDigitSpan,2.0,1.0,1,1.0,1.0,
1183,phil_pilot,TrialDigitSpan,2.0,1.0,0,2.0,1.0,
1184,phil_pilot,TrialDigitSpan,2.0,1.0,1,3.0,2.0,
1185,phil_pilot,TrialDigitSpan,2.0,2.0,1,0.0,1.0,
1186,phil_pilot,TrialDigitSpan,2.0,2.0,1,1.0,2.0,
1187,phil_pilot,TrialDigitSpan,2.0,2.0,1,2.0,3.0,
1188,phil_pilot,TrialDigitSpan,2.0,2.0,1,3.0,4.0,
1189,phil_pilot,TrialDigitSpan,2.0,2.0,1,4.0,5.0,
1190,phil_pilot,TrialDigitSpan,2.0,2.0,1,5.0,6.0,
1191,phil_pilot,TrialDigitSpan,2.0,2.0,1,6.0,7.0,
1192,phil_pilot,TrialDigitSpan,2.0,3.0,1,0.0,1.0,
1193,phil_pilot,TrialDigitSpan,2.0,3.0,1,1.0,2.0,
1194,phil_pilot,TrialDigitSpan,2.0,3.0,0,2.0,2.0,
1195,phil_pilot,TrialDigitSpan,2.0,3.0,1,3.0,3.0,
1196,phil_pilot,TrialDigitSpan,2.0,3.0,1,4.0,4.0,
1197,phil_pilot,TrialDigitSpan,2.0,3.0,1,5.0,5.0,
1198,phil_pilot,TrialDigitSpan,2.0,3.0,1,6.0,6.0,
1199,phil_pilot,TrialDigitSpan,2.0,4.0,1,0.0,1.0,
1200,phil_pilot,TrialDigitSpan,2.0,4.0,1,1.0,2.0,
1201,phil_pilot,TrialDigitSpan,2.0,4.0,1,2.0,3.0,
1202,phil_pilot,TrialDigitSpan,2.0,4.0,1,3.0,4.0,
1203,phil_pilot,TrialDigitSpan,2.0,4.0,1,4.0,5.0,
1204,phil_pilot,TrialDigitSpan,2.0,4.0,1,5.0,6.0,
1205,phil_pilot,TrialDigitSpan,2.0,4.0,1,6.0,7.0,
1206,phil_pilot,TrialDigitSpan,2.0,4.0,1,7.0,8.0,
1207,phil_pilot,TrialDigitSpan,2.0,4.0,0,8.0,8.0,
1208,phil_pilot,TrialSpatialRotation,2.0,1.0,0,0.0,0.0,
1209,phil_pilot,TrialSpatialRotation,2.0,1.0,1,1.0,1.0,
1210,phil_pilot,TrialSpatialRotation,2.0,1.0,1,2.0,2.0,
1211,phil_pilot,TrialSpatialRotation,2.0,1.0,1,3.0,3.0,
1212,phil_pilot,TrialSpatialRotation,2.0,1.0,1,4.0,4.0,
1213,phil_pilot,TrialSpatialRotation,2.0,1.0,0,5.0,4.0,
1214,phil_pilot,TrialSpatialRotation,2.0,1.0,1,6.0,5.0,
1215,phil_pilot,TrialSpatialRotation,2.0,2.0,0,0.0,0.0,
1216,phil_pilot,TrialSpatialRotation,2.0,2.0,1,1.0,1.0,
1217,phil_pilot,TrialSpatialRotation,2.0,2.0,0,2.0,1.0,
1218,phil_pilot,TrialSpatialRotation,2.0,2.0,1,3.0,2.0,
1219,phil_pilot,TrialSpatialRotation,2.0,2.0,0,4.0,2.0,
1220,phil_pilot,TrialSpatialRotation,2.0,2.0,1,5.0,3.0,
1221,phil_pilot,TrialSpatialRotation,2.0,2.0,1,6.0,4.0,
1222,phil_pilot,TrialSpatialRotation,2.0,2.0,1,7.0,5.0,
1223,phil_pilot,TrialSpatialRotation,2.0,2.0,0,8.0,5.0,
1224,phil_pilot,TrialSpatialRotation,2.0,3.0,0,0.0,0.0,
1225,phil_pilot,TrialSpatialRotation,2.0,3.0,0,1.0,0.0,
1226,phil_pilot,TrialSpatialRotation,2.0,3.0,1,2.0,1.0,
1227,phil_pilot,TrialSpatialRotation,2.0,3.0,1,3.0,2.0,
1228,phil_pilot,TrialSpatialRotation,2.0,3.0,1,4.0,3.0,
1229,phil_pilot,TrialSpatialRotation,2.0,3.0,1,5.0,4.0,
1230,phil_pilot,TrialSpatialRotation,2.0,3.0,1,6.0,5.0,
1231,phil_pilot,TrialSpatialRotation,2.0,3.0,1,7.0,6.0,
1232,phil_pilot,TrialSpatialRotation,2.0,3.0,1,8.0,7.0,
1233,phil_pilot,TrialSpatialRotation,2.0,4.0,1,0.0,1.0,
1234,phil_pilot,TrialSpatialRotation,2.0,4.0,1,1.0,2.0,
1235,phil_pilot,TrialSpatialRotation,2.0,4.0,1,2.0,3.0,
1236,phil_pilot,TrialSpatialRotation,2.0,4.0,0,3.0,3.0,
1237,phil_pilot,TrialSpatialSpan,2.0,1.0,1,0.0,1.0,
1238,phil_pilot,TrialSpatialSpan,2.0,1.0,1,1.0,2.0,
1239,phil_pilot,TrialSpatialSpan,2.0,1.0,0,2.0,2.0,
1240,phil_pilot,TrialSpatialSpan,2.0,1.0,0,3.0,2.0,
1241,phil_pilot,TrialSpatialSpan,2.0,1.0,0,4.0,2.0,
1242,phil_pilot,TrialSpatialSpan,2.0,1.0,1,5.0,3.0,
1243,phil_pilot,TrialSpatialSpan,2.0,1.0,1,6.0,4.0,
1244,phil_pilot,TrialSpatialSpan,2.0,1.0,0,7.0,4.0,
1245,phil_pilot,TrialSpatialSpan,2.0,2.0,0,0.0,0.0,
1246,phil_pilot,TrialSpatialSpan,2.0,2.0,1,1.0,1.0,
1247,phil_pilot,TrialSpatialSpan,2.0,2.0,1,2.0,2.0,
1248,phil_pilot,TrialSpatialSpan,2.0,2.0,1,3.0,3.0,
1249,phil_pilot,TrialSpatialSpan,2.0,2.0,1,4.0,4.0,
1250,phil_pilot,TrialSpatialSpan,2.0,2.0,0,5.0,4.0,
1251,phil_pilot,TrialSpatialSpan,2.0,2.0,1,6.0,5.0,
1252,phil_pilot,TrialSpatialSpan,2.0,2.0,1,7.0,6.0,
1253,phil_pilot,TrialSpatialSpan,2.0,2.0,0,8.0,6.0,
1254,phil_pilot,TrialDigitSpan,3.0,1.0,1,0.0,1.0,
1255,phil_pilot,TrialDigitSpan,3.0,1.0,1,1.0,2.0,
1256,phil_pilot,TrialDigitSpan,3.0,1.0,1,2.0,3.0,
1257,phil_pilot,TrialDigitSpan,3.0,1.0,1,3.0,4.0,
1258,phil_pilot,TrialDigitSpan,3.0,1.0,1,4.0,5.0,
1259,phil_pilot,TrialDigitSpan,3.0,1.0,1,5.0,6.0,
1260,phil_pilot,TrialDigitSpan,3.0,1.0,1,6.0,7.0,
1261,phil_pilot,TrialDigitSpan,3.0,1.0,1,7.0,8.0,
1262,phil_pilot,TrialDigitSpan,3.0,1.0,1,8.0,9.0,
1263,phil_pilot,TrialDigitSpan,3.0,2.0,1,0.0,1.0,
1264,phil_pilot,TrialDigitSpan,3.0,2.0,1,1.0,2.0,
1265,phil_pilot,TrialDigitSpan,3.0,2.0,1,2.0,3.0,
1266,phil_pilot,TrialDigitSpan,3.0,2.0,1,3.0,4.0,
1267,phil_pilot,TrialDigitSpan,3.0,2.0,1,4.0,5.0,
1268,phil_pilot,TrialDigitSpan,3.0,2.0,1,5.0,6.0,
1269,phil_pilot,TrialDigitSpan,3.0,2.0,1,6.0,7.0,
1270,phil_pilot,TrialDigitSpan,3.0,2.0,1,7.0,8.0,
1271,phil_pilot,TrialDigitSpan,3.0,3.0,1,0.0,1.0,
1272,phil_pilot,TrialDigitSpan,3.0,3.0,1,1.0,2.0,
1273,phil_pilot,TrialDigitSpan,3.0,3.0,1,2.0,3.0,
1274,phil_pilot,TrialDigitSpan,3.0,3.0,1,3.0,4.0,
1275,phil_pilot,TrialSpatialRotation,3.0,1.0,1,0.0,1.0,
1276,phil_pilot,TrialSpatialRotation,3.0,1.0,1,1.0,2.0,
1277,phil_pilot,TrialSpatialRotation,3.0,1.0,0,2.0,2.0,
1278,phil_pilot,TrialSpatialRotation,3.0,1.0,1,3.0,3.0,
1279,phil_pilot,TrialSpatialRotation,3.0,1.0,1,4.0,4.0,
1280,phil_pilot,TrialSpatialRotation,3.0,2.0,1,0.0,1.0,
1281,phil_pilot,TrialSpatialRotation,3.0,2.0,0,1.0,1.0,
1282,phil_pilot,TrialSpatialRotation,3.0,2.0,0,2.0,1.0,
1283,phil_pilot,TrialSpatialRotation,3.0,2.0,1,3.0,2.0,
1284,phil_pilot,TrialSpatialRotation,3.0,2.0,0,4.0,2.0,
1285,phil_pilot,TrialSpatialRotation,3.0,2.0,1,5.0,3.0,
1286,phil_pilot,TrialSpatialRotation,3.0,2.0,0,6.0,3.0,
1287,phil_pilot,TrialSpatialRotation,3.0,2.0,0,7.0,3.0,
1288,phil_pilot,TrialSpatialRotation,3.0,2.0,1,8.0,4.0,
1289,phil_pilot,TrialSpatialRotation,3.0,3.0,0,0.0,0.0,
1290,phil_pilot,TrialSpatialRotation,3.0,3.0,0,1.0,0.0,
1291,phil_pilot,TrialSpatialRotation,3.0,3.0,0,2.0,0.0,
1292,phil_pilot,TrialSpatialRotation,3.0,3.0,1,3.0,1.0,
1293,phil_pilot,TrialSpatialRotation,3.0,3.0,1,4.0,2.0,
1294,phil_pilot,TrialSpatialRotation,3.0,3.0,1,5.0,3.0,
1295,phil_pilot,TrialSpatialRotation,3.0,3.0,1,6.0,4.0,
1296,phil_pilot,TrialSpatialRotation,3.0,4.0,0,0.0,0.0,
1297,phil_pilot,TrialSpatialRotation,3.0,4.0,0,1.0,0.0,
1298,phil_pilot,TrialSpatialRotation,3.0,4.0,0,2.0,0.0,
1299,phil_pilot,TrialSpatialRotation,3.0,4.0,0,3.0,0.0,
1300,phil_pilot,TrialSpatialRotation,3.0,4.0,1,4.0,1.0,
1301,phil_pilot,TrialSpatialRotation,3.0,4.0,1,5.0,2.0,
1302,phil_pilot,TrialSpatialRotation,3.0,4.0,1,6.0,3.0,
1303,phil_pilot,TrialSpatialRotation,3.0,4.0,0,7.0,3.0,
1304,phil_pilot,TrialSpatialSpan,3.0,1.0,1,0.0,1.0,
1305,phil_pilot,TrialSpatialSpan,3.0,1.0,0,1.0,1.0,
1306,phil_pilot,TrialSpatialSpan,3.0,1.0,0,2.0,1.0,
1307,phil_pilot,TrialSpatialSpan,3.0,1.0,0,3.0,1.0,
1308,phil_pilot,TrialSpatialSpan,3.0,1.0,1,4.0,2.0,
1309,phil_pilot,TrialSpatialSpan,3.0,1.0,0,5.0,2.0,
1310,phil_pilot,TrialSpatialSpan,3.0,2.0,1,0.0,1.0,
1311,phil_pilot,TrialSpatialSpan,3.0,2.0,0,1.0,1.0,
1312,phil_pilot,TrialSpatialSpan,3.0,2.0,1,2.0,2.0,
1313,phil_pilot,TrialSpatialSpan,3.0,2.0,0,3.0,2.0,
1314,phil_pilot,TrialSpatialSpan,3.0,2.0,1,4.0,3.0,
1315,phil_pilot,TrialSpatialSpan,3.0,2.0,1,5.0,4.0,
1316,phil_pilot,TrialSpatialSpan,3.0,2.0,0,6.0,4.0,
1317,phil_pilot,TrialSpatialSpan,3.0,2.0,1,7.0,5.0,
1318,phil_pilot,TrialSpatialSpan,3.0,2.0,1,8.0,6.0,
1319,phil_pilot,TrialSpatialSpan,3.0,3.0,1,0.0,1.0,
1320,phil_pilot,TrialSpatialSpan,3.0,3.0,1,1.0,2.0,
1321,phil_pilot,TrialSpatialSpan,3.0,3.0,1,2.0,3.0,
1322,phil_pilot,TrialSpatialSpan,3.0,3.0,1,3.0,4.0,
1323,phil_pilot,TrialSpatialSpan,3.0,3.0,1,4.0,5.0,
1324,phil_pilot,TrialSpatialSpan,3.0,3.0,0,5.0,5.0,
1325,phil_pilot,TrialSpatialSpan,3.0,3.0,1,6.0,6.0,
1326,phil_pilot,TrialSpatialSpan,3.0,3.0,1,7.0,7.0,
1327,phil_pilot,TrialSpatialSpan,3.0,3.0,0,8.0,7.0,
1328,phil_pilot,TrialDigitSpan,4.0,1.0,1,0.0,1.0,
1329,phil_pilot,TrialDigitSpan,4.0,1.0,1,1.0,2.0,
1330,phil_pilot,TrialDigitSpan,4.0,1.0,1,2.0,3.0,
1331,phil_pilot,TrialDigitSpan,4.0,1.0,1,3.0,4.0,
1332,phil_pilot,TrialSpatialRotation,4.0,1.0,1,0.0,1.0,
1333,phil_pilot,TrialSpatialRotation,4.0,1.0,1,1.0,2.0,
1334,phil_pilot,TrialSpatialSpan,4.0,1.0,1,0.0,1.0,
1335,phil_pilot,TrialSpatialSpan,4.0,1.0,1,1.0,2.0,
1336,phil_pilot,TrialSpatialSpan,4.0,1.0,1,2.0,3.0,
1337,phil_pilot,TrialSpatialSpan,4.0,1.0,1,3.0,4.0,
1338,phil_pilot,TrialSpatialSpan,4.0,1.0,1,4.0,5.0,
1339,phil_pilot,TrialSpatialSpan,4.0,1.0,1,5.0,6.0,
