,participant_id,block,type,response_time,accuracy,switch_type,occurence
0,clouds_pilot,1.0,TrialDigitSpan,1.3523845999999935,1,SS-DS,1.0
1,clouds_pilot,1.0,TrialDigitSpan,3.0,0,none,1.0
2,clouds_pilot,1.0,TrialDigitSpan,2.124320900000015,1,none,1.0
3,clouds_pilot,1.0,TrialDigitSpan,2.1093626000000256,1,none,1.0
4,clouds_pilot,1.0,TrialDigitSpan,2.2978587000000346,1,none,1.0
5,clouds_pilot,1.0,TrialDigitSpan,1.5329029000000105,1,none,1.0
6,clouds_pilot,1.0,TrialDigitSpan,3.0,0,none,1.0
7,clouds_pilot,1.0,TrialDigitSpan,2.757628199999999,0,none,1.0
8,clouds_pilot,1.0,TrialDigitSpan,1.3334348000000205,1,none,1.0
9,clouds_pilot,1.0,TrialDigitSpan,2.838411399999927,1,SR-DS,2.0
10,clouds_pilot,1.0,TrialDigitSpan,1.6984588999998778,1,none,2.0
11,clouds_pilot,1.0,TrialDigitSpan,1.0432109999999284,1,none,2.0
12,clouds_pilot,1.0,TrialDigitSpan,3.0,0,none,2.0
13,clouds_pilot,1.0,TrialDigitSpan,1.644602799999916,1,none,2.0
14,clouds_pilot,1.0,TrialDigitSpan,2.2080973999999287,1,none,2.0
15,clouds_pilot,1.0,TrialDigitSpan,2.523256100000026,0,none,2.0
16,clouds_pilot,1.0,TrialDigitSpan,1.4640863000000763,1,none,2.0
17,clouds_pilot,1.0,TrialDigitSpan,1.381307799999945,1,none,2.0
18,clouds_pilot,1.0,TrialDigitSpan,2.020598199999995,1,SR-DS,3.0
19,clouds_pilot,1.0,TrialDigitSpan,2.6708595999999716,1,none,3.0
20,clouds_pilot,1.0,TrialDigitSpan,1.8560367000000042,1,none,3.0
21,clouds_pilot,1.0,TrialDigitSpan,1.34343530000001,1,none,3.0
22,clouds_pilot,1.0,TrialDigitSpan,1.1190066000000343,1,none,3.0
23,clouds_pilot,1.0,TrialDigitSpan,2.3337611999999126,1,none,3.0
24,clouds_pilot,1.0,TrialDigitSpan,2.817469100000153,1,none,3.0
25,clouds_pilot,1.0,TrialDigitSpan,1.45810159999985,1,none,3.0
26,clouds_pilot,1.0,TrialDigitSpan,2.5681346999998595,0,none,3.0
27,clouds_pilot,1.0,TrialSpatialRotation,2.165210479999999,0,NONE-SR,1.0
28,clouds_pilot,1.0,TrialSpatialRotation,3.0,0,none,1.0
29,clouds_pilot,1.0,TrialSpatialRotation,1.3424122300000008,1,none,1.0
30,clouds_pilot,1.0,TrialSpatialRotation,1.8590309699999992,1,none,1.0
31,clouds_pilot,1.0,TrialSpatialRotation,2.3656780700000155,1,none,1.0
32,clouds_pilot,1.0,TrialSpatialRotation,2.291873449999997,0,none,1.0
33,clouds_pilot,1.0,TrialSpatialRotation,2.5850910999999996,1,DS-SR,2.0
34,clouds_pilot,1.0,TrialSpatialRotation,2.923185599999954,0,none,2.0
35,clouds_pilot,1.0,TrialSpatialRotation,2.350715600000001,0,none,2.0
36,clouds_pilot,1.0,TrialSpatialRotation,1.7263868000000002,1,none,2.0
37,clouds_pilot,1.0,TrialSpatialRotation,2.265941600000019,0,none,2.0
38,clouds_pilot,1.0,TrialSpatialRotation,2.2699316000000636,1,none,2.0
39,clouds_pilot,1.0,TrialSpatialRotation,3.0,0,SS-SR,3.0
40,clouds_pilot,1.0,TrialSpatialRotation,2.6080281000000696,1,none,3.0
41,clouds_pilot,1.0,TrialSpatialRotation,1.990678100000082,1,none,3.0
42,clouds_pilot,1.0,TrialSpatialRotation,2.557164900000089,1,none,3.0
43,clouds_pilot,1.0,TrialSpatialRotation,3.0,0,none,3.0
44,clouds_pilot,1.0,TrialSpatialRotation,1.8530762000000323,1,none,3.0
45,clouds_pilot,1.0,TrialSpatialRotation,2.8563640000000987,0,none,3.0
46,clouds_pilot,1.0,TrialSpatialRotation,2.4245193000000427,0,none,3.0
47,clouds_pilot,1.0,TrialSpatialRotation,1.6525838000000022,1,none,3.0
48,clouds_pilot,1.0,TrialSpatialRotation,2.420527699999866,1,DS-SR,4.0
49,clouds_pilot,1.0,TrialSpatialRotation,2.1871515000000272,0,none,4.0
50,clouds_pilot,1.0,TrialSpatialRotation,3.0,0,none,4.0
51,clouds_pilot,1.0,TrialSpatialRotation,2.584091899999976,1,none,4.0
52,clouds_pilot,1.0,TrialSpatialRotation,3.0,0,none,4.0
53,clouds_pilot,1.0,TrialSpatialRotation,2.208096699999942,1,none,4.0
54,clouds_pilot,1.0,TrialSpatialRotation,2.7356865000000425,0,none,4.0
55,clouds_pilot,1.0,TrialSpatialSpan,2.3656747999999794,1,SR-SS,1.0
56,clouds_pilot,1.0,TrialSpatialSpan,3.0,0,none,1.0
57,clouds_pilot,1.0,TrialSpatialSpan,1.8251206999999994,1,none,1.0
58,clouds_pilot,1.0,TrialSpatialSpan,1.7622890000000098,0,none,1.0
59,clouds_pilot,1.0,TrialSpatialSpan,3.0,0,none,1.0
60,clouds_pilot,1.0,TrialSpatialSpan,1.9477929999999901,1,none,1.0
61,clouds_pilot,1.0,TrialSpatialSpan,3.0,0,none,1.0
62,clouds_pilot,1.0,TrialSpatialSpan,3.0,0,SR-SS,2.0
63,clouds_pilot,1.0,TrialSpatialSpan,1.4780483000000117,0,none,2.0
64,clouds_pilot,1.0,TrialSpatialSpan,1.9457974000000036,1,none,2.0
65,clouds_pilot,1.0,TrialSpatialSpan,2.73967650000003,1,none,2.0
66,clouds_pilot,1.0,TrialSpatialSpan,2.931163099999992,1,none,2.0
67,clouds_pilot,1.0,TrialSpatialSpan,2.7576272000000017,1,none,2.0
68,clouds_pilot,1.0,TrialSpatialSpan,2.218068799999969,0,none,2.0
69,clouds_pilot,1.0,TrialSpatialSpan,2.89825170000006,0,DS-SS,3.0
70,clouds_pilot,1.0,TrialSpatialSpan,3.0,0,none,3.0
71,clouds_pilot,1.0,TrialSpatialSpan,1.8620229000000563,0,none,3.0
72,clouds_pilot,2.0,TrialDigitSpan,2.231037000000015,1,SR-DS,1.0
73,clouds_pilot,2.0,TrialDigitSpan,3.0,0,none,1.0
74,clouds_pilot,2.0,TrialDigitSpan,2.6878160000001117,1,none,1.0
75,clouds_pilot,2.0,TrialDigitSpan,1.9388169999999718,1,none,1.0
76,clouds_pilot,2.0,TrialDigitSpan,2.3995859999999993,1,none,1.0
77,clouds_pilot,2.0,TrialDigitSpan,3.0,0,none,1.0
78,clouds_pilot,2.0,TrialDigitSpan,3.0,0,none,1.0
79,clouds_pilot,2.0,TrialDigitSpan,1.433168999999907,1,none,1.0
80,clouds_pilot,2.0,TrialDigitSpan,1.5966980000000603,1,none,1.0
81,clouds_pilot,2.0,TrialDigitSpan,1.6386190000000624,1,SS-DS,2.0
82,clouds_pilot,2.0,TrialDigitSpan,2.2769109999999273,1,none,2.0
83,clouds_pilot,2.0,TrialDigitSpan,1.9557730000001357,1,none,2.0
84,clouds_pilot,2.0,TrialDigitSpan,2.0515159999999923,1,none,2.0
85,clouds_pilot,2.0,TrialDigitSpan,2.699783000000025,1,none,2.0
86,clouds_pilot,2.0,TrialDigitSpan,1.6346310000001267,1,none,2.0
87,clouds_pilot,2.0,TrialDigitSpan,1.8939350000002833,1,none,2.0
88,clouds_pilot,2.0,TrialDigitSpan,2.1931359999998676,1,none,2.0
89,clouds_pilot,2.0,TrialDigitSpan,2.073488999999654,1,none,2.0
90,clouds_pilot,2.0,TrialDigitSpan,2.7416719999998804,1,SS-DS,3.0
91,clouds_pilot,2.0,TrialDigitSpan,2.5681339999998727,0,none,3.0
92,clouds_pilot,2.0,TrialDigitSpan,1.785229999999956,1,none,3.0
93,clouds_pilot,2.0,TrialDigitSpan,2.0634840000000167,1,none,3.0
94,clouds_pilot,2.0,TrialDigitSpan,1.7882210000000214,1,none,3.0
95,clouds_pilot,2.0,TrialDigitSpan,3.0,0,none,3.0
96,clouds_pilot,2.0,TrialDigitSpan,1.8640169999996488,1,none,3.0
97,clouds_pilot,2.0,TrialSpatialRotation,3.0,0,SS-SR,1.0
98,clouds_pilot,2.0,TrialSpatialRotation,3.0,0,none,1.0
99,clouds_pilot,2.0,TrialSpatialRotation,1.8470620000000508,1,none,1.0
100,clouds_pilot,2.0,TrialSpatialRotation,2.6239839999998367,1,none,1.0
101,clouds_pilot,2.0,TrialSpatialRotation,2.0704659999998967,1,none,1.0
102,clouds_pilot,2.0,TrialSpatialRotation,2.5661389999997937,1,none,1.0
103,clouds_pilot,2.0,TrialSpatialRotation,2.7127490000000307,0,none,1.0
104,clouds_pilot,2.0,TrialSpatialRotation,1.9936709999999493,1,DS-SR,2.0
105,clouds_pilot,2.0,TrialSpatialRotation,2.2988530000000083,1,none,2.0
106,clouds_pilot,2.0,TrialSpatialRotation,3.0,0,none,2.0
107,clouds_pilot,2.0,TrialSpatialRotation,2.41853500000002,1,none,2.0
108,clouds_pilot,2.0,TrialSpatialRotation,2.387617000000091,0,none,2.0
109,clouds_pilot,2.0,TrialSpatialRotation,2.387617000000091,1,none,2.0
110,clouds_pilot,2.0,TrialSpatialRotation,2.3517119999999068,1,none,2.0
111,clouds_pilot,2.0,TrialSpatialRotation,3.0,0,SS-SR,3.0
112,clouds_pilot,2.0,TrialSpatialRotation,3.0,0,none,3.0
113,clouds_pilot,2.0,TrialSpatialRotation,1.849056000000246,0,none,3.0
114,clouds_pilot,2.0,TrialSpatialRotation,2.5621520000001965,1,none,3.0
115,clouds_pilot,2.0,TrialSpatialSpan,3.0,0,NONE-SS,1.0
116,clouds_pilot,2.0,TrialSpatialSpan,2.0126200000001973,0,none,1.0
117,clouds_pilot,2.0,TrialSpatialSpan,1.8769820000002255,1,none,1.0
118,clouds_pilot,2.0,TrialSpatialSpan,2.2769150000001446,0,none,1.0
119,clouds_pilot,2.0,TrialSpatialSpan,1.6246560000001864,1,DS-SS,2.0
120,clouds_pilot,2.0,TrialSpatialSpan,1.9477939999999307,0,none,2.0
121,clouds_pilot,2.0,TrialSpatialSpan,1.8729929999999513,1,none,2.0
122,clouds_pilot,2.0,TrialSpatialSpan,1.725385999999844,1,none,2.0
123,clouds_pilot,2.0,TrialSpatialSpan,1.4840320000000702,1,none,2.0
124,clouds_pilot,2.0,TrialSpatialSpan,1.8171429999999873,1,none,2.0
125,clouds_pilot,2.0,TrialSpatialSpan,2.1342939999999544,1,none,2.0
126,clouds_pilot,2.0,TrialSpatialSpan,2.3836289999997007,1,none,2.0
127,clouds_pilot,2.0,TrialSpatialSpan,2.579106000000138,0,none,2.0
128,clouds_pilot,2.0,TrialSpatialSpan,1.5788060000002133,1,SR-SS,3.0
129,clouds_pilot,2.0,TrialSpatialSpan,2.8284390000001167,1,none,3.0
130,clouds_pilot,2.0,TrialSpatialSpan,1.8779789999998684,0,none,3.0
131,clouds_pilot,2.0,TrialSpatialSpan,1.7632869999999912,0,none,3.0
132,clouds_pilot,2.0,TrialSpatialSpan,3.0,0,none,3.0
133,clouds_pilot,2.0,TrialSpatialSpan,1.8819699999999102,0,none,3.0
134,clouds_pilot,2.0,TrialSpatialSpan,1.3344319999998788,1,none,3.0
135,clouds_pilot,2.0,TrialSpatialSpan,3.0,0,none,3.0
136,clouds_pilot,2.0,TrialSpatialSpan,1.9537769999999455,0,none,3.0
137,clouds_pilot,2.0,TrialSpatialSpan,1.8939360000003944,1,DS-SS,4.0
138,clouds_pilot,2.0,TrialSpatialSpan,1.9906779999996616,1,none,4.0
139,clouds_pilot,2.0,TrialSpatialSpan,1.591743999999835,1,none,4.0
140,clouds_pilot,2.0,TrialSpatialSpan,1.8470640000000458,1,none,4.0
141,clouds_pilot,2.0,TrialSpatialSpan,2.214081999999962,0,none,4.0
142,clouds_pilot,2.0,TrialSpatialSpan,2.0515129999998862,1,none,4.0
143,clouds_pilot,3.0,TrialDigitSpan,1.5508540000000721,1,SS-DS,1.0
144,clouds_pilot,3.0,TrialDigitSpan,2.388615999999729,1,none,1.0
145,clouds_pilot,3.0,TrialDigitSpan,1.8091649999996662,1,none,1.0
146,clouds_pilot,3.0,TrialDigitSpan,1.9856919999997444,1,none,1.0
147,clouds_pilot,3.0,TrialDigitSpan,1.6835000000000946,1,none,1.0
148,clouds_pilot,3.0,TrialDigitSpan,2.168203999999605,0,none,1.0
149,clouds_pilot,3.0,TrialDigitSpan,2.7895410000000993,1,none,1.0
150,clouds_pilot,3.0,TrialDigitSpan,2.492338000000018,1,none,1.0
151,clouds_pilot,3.0,TrialDigitSpan,1.8031790000004548,1,none,1.0
152,clouds_pilot,3.0,TrialDigitSpan,1.3942730000003394,1,SS-DS,2.0
153,clouds_pilot,3.0,TrialDigitSpan,1.76328599999988,1,none,2.0
154,clouds_pilot,3.0,TrialDigitSpan,2.036555000000135,1,none,2.0
155,clouds_pilot,3.0,TrialDigitSpan,1.3773189999997157,1,none,2.0
156,clouds_pilot,3.0,TrialDigitSpan,2.671857000000273,0,none,2.0
157,clouds_pilot,3.0,TrialDigitSpan,1.56780899999967,1,none,2.0
158,clouds_pilot,3.0,TrialDigitSpan,1.7782449999999699,1,SR-DS,3.0
159,clouds_pilot,3.0,TrialDigitSpan,2.532230000000254,1,none,3.0
160,clouds_pilot,3.0,TrialDigitSpan,1.9637509999997746,1,none,3.0
161,clouds_pilot,3.0,TrialDigitSpan,1.4002559999998994,1,none,3.0
162,clouds_pilot,3.0,TrialDigitSpan,1.5708019999997305,1,none,3.0
163,clouds_pilot,3.0,TrialDigitSpan,1.5079680000003464,1,none,3.0
164,clouds_pilot,3.0,TrialDigitSpan,2.6319650000000365,0,none,3.0
165,clouds_pilot,3.0,TrialSpatialRotation,1.9956640000000334,1,NONE-SR,1.0
166,clouds_pilot,3.0,TrialSpatialRotation,2.7306979999998475,0,none,1.0
167,clouds_pilot,3.0,TrialSpatialRotation,2.0026480000001357,1,none,1.0
168,clouds_pilot,3.0,TrialSpatialRotation,2.740672999999788,1,none,1.0
169,clouds_pilot,3.0,TrialSpatialRotation,2.2649439999995593,0,SS-SR,2.0
170,clouds_pilot,3.0,TrialSpatialRotation,2.9481190000001334,0,none,2.0
171,clouds_pilot,3.0,TrialSpatialRotation,2.3008489999997437,1,none,2.0
172,clouds_pilot,3.0,TrialSpatialRotation,2.866337999999814,1,none,2.0
173,clouds_pilot,3.0,TrialSpatialRotation,3.0,0,none,2.0
174,clouds_pilot,3.0,TrialSpatialRotation,2.1721919999995407,1,none,2.0
175,clouds_pilot,3.0,TrialSpatialRotation,2.6798360000002504,1,none,2.0
176,clouds_pilot,3.0,TrialSpatialRotation,1.9976599999999962,0,none,2.0
177,clouds_pilot,3.0,TrialSpatialRotation,1.737355000000207,1,DS-SR,3.0
178,clouds_pilot,3.0,TrialSpatialRotation,3.0,0,none,3.0
179,clouds_pilot,3.0,TrialSpatialRotation,1.916874000000007,1,none,3.0
180,clouds_pilot,3.0,TrialSpatialRotation,1.9707320000002255,1,none,3.0
181,clouds_pilot,3.0,TrialSpatialRotation,3.0,0,none,3.0
182,clouds_pilot,3.0,TrialSpatialRotation,2.247989999999845,1,none,3.0
183,clouds_pilot,3.0,TrialSpatialRotation,2.4205289999999877,0,none,3.0
184,clouds_pilot,3.0,TrialSpatialRotation,2.434494000000086,1,none,3.0
185,clouds_pilot,3.0,TrialSpatialRotation,2.5451960000000327,1,none,3.0
186,clouds_pilot,3.0,TrialSpatialSpan,3.0,0,SR-SS,1.0
187,clouds_pilot,3.0,TrialSpatialSpan,1.297530999999708,0,none,1.0
188,clouds_pilot,3.0,TrialSpatialSpan,1.8321040000005269,1,none,1.0
189,clouds_pilot,3.0,TrialSpatialSpan,2.2350249999999505,0,none,1.0
190,clouds_pilot,3.0,TrialSpatialSpan,1.5458670000002712,1,none,1.0
191,clouds_pilot,3.0,TrialSpatialSpan,1.5039790000000721,1,none,1.0
192,clouds_pilot,3.0,TrialSpatialSpan,1.5807740000000194,1,none,1.0
193,clouds_pilot,3.0,TrialSpatialSpan,3.0,0,DS-SS,2.0
194,clouds_pilot,3.0,TrialSpatialSpan,2.150253000000248,0,none,2.0
195,clouds_pilot,3.0,TrialSpatialSpan,2.2110899999997855,1,none,2.0
196,clouds_pilot,3.0,TrialSpatialSpan,1.9767150000002403,1,none,2.0
197,clouds_pilot,3.0,TrialSpatialSpan,2.3257840000001124,1,none,2.0
198,clouds_pilot,3.0,TrialSpatialSpan,2.2898780000000443,0,none,2.0
199,clouds_pilot,3.0,TrialSpatialSpan,2.792536999999811,0,none,2.0
200,clouds_pilot,3.0,TrialSpatialSpan,1.6914790000005269,1,none,2.0
201,clouds_pilot,3.0,TrialSpatialSpan,1.8640190000000985,1,none,2.0
202,clouds_pilot,3.0,TrialSpatialSpan,2.295861000000059,1,SR-SS,3.0
203,clouds_pilot,3.0,TrialSpatialSpan,2.0864230000001953,1,none,3.0
204,clouds_pilot,3.0,TrialSpatialSpan,2.133295999999973,1,none,3.0
205,clouds_pilot,3.0,TrialSpatialSpan,3.0,0,none,3.0
206,clouds_pilot,3.0,TrialSpatialSpan,2.001647999999932,1,none,3.0
207,clouds_pilot,3.0,TrialSpatialSpan,1.7184050000000752,1,none,3.0
208,clouds_pilot,3.0,TrialSpatialSpan,1.5418780000004517,1,none,3.0
209,clouds_pilot,3.0,TrialSpatialSpan,1.9039090000001124,1,DS-SS,4.0
210,clouds_pilot,3.0,TrialSpatialSpan,2.336750999999822,1,none,4.0
211,clouds_pilot,3.0,TrialSpatialSpan,1.2646199999999226,1,none,4.0
212,clouds_pilot,4.0,TrialDigitSpan,1.930837999999767,1,SS-DS,1.0
213,clouds_pilot,4.0,TrialDigitSpan,1.9378179999998792,1,none,1.0
214,clouds_pilot,4.0,TrialDigitSpan,1.4032479999996212,1,none,1.0
215,clouds_pilot,4.0,TrialDigitSpan,2.059494000000086,1,none,1.0
216,clouds_pilot,4.0,TrialDigitSpan,1.530906999999388,1,none,1.0
217,clouds_pilot,4.0,TrialDigitSpan,2.1951310000004014,1,none,1.0
218,clouds_pilot,4.0,TrialDigitSpan,1.7483269999997901,1,SR-DS,2.0
219,clouds_pilot,4.0,TrialDigitSpan,1.5029819999999745,0,none,2.0
220,clouds_pilot,4.0,TrialDigitSpan,1.392276000000038,1,none,2.0
221,clouds_pilot,4.0,TrialDigitSpan,2.0275809999998273,1,none,2.0
222,clouds_pilot,4.0,TrialDigitSpan,1.1888200000003053,1,none,2.0
223,clouds_pilot,4.0,TrialDigitSpan,1.9926739999991696,0,none,2.0
224,clouds_pilot,4.0,TrialDigitSpan,1.853045000000293,1,none,2.0
225,clouds_pilot,4.0,TrialDigitSpan,1.9906770000002325,0,none,2.0
226,clouds_pilot,4.0,TrialDigitSpan,1.989679000000251,0,none,2.0
227,clouds_pilot,4.0,TrialDigitSpan,1.9687379999995755,1,SR-DS,3.0
228,clouds_pilot,4.0,TrialDigitSpan,1.753313000000162,1,none,3.0
229,clouds_pilot,4.0,TrialDigitSpan,2.0086310000001504,1,none,3.0
230,clouds_pilot,4.0,TrialDigitSpan,1.7453339999997297,1,none,3.0
231,clouds_pilot,4.0,TrialDigitSpan,1.9088989999995647,1,none,3.0
232,clouds_pilot,4.0,TrialDigitSpan,1.7134199999995872,1,none,3.0
233,clouds_pilot,4.0,TrialDigitSpan,2.238018000000011,1,none,3.0
234,clouds_pilot,4.0,TrialSpatialRotation,2.9112169999993966,1,DS-SR,1.0
235,clouds_pilot,4.0,TrialSpatialRotation,2.3018480000005184,1,none,1.0
236,clouds_pilot,4.0,TrialSpatialRotation,2.813477000000603,0,none,1.0
237,clouds_pilot,4.0,TrialSpatialRotation,2.6618839999996453,0,none,1.0
238,clouds_pilot,4.0,TrialSpatialRotation,1.7194039999999404,1,none,1.0
239,clouds_pilot,4.0,TrialSpatialRotation,3.0,0,none,1.0
240,clouds_pilot,4.0,TrialSpatialRotation,2.266939999999977,1,none,1.0
241,clouds_pilot,4.0,TrialSpatialRotation,1.9697329999999056,1,SS-SR,2.0
242,clouds_pilot,4.0,TrialSpatialRotation,2.8064970000000358,1,none,2.0
243,clouds_pilot,4.0,TrialSpatialRotation,3.0,0,none,2.0
244,clouds_pilot,4.0,TrialSpatialRotation,3.0,0,none,2.0
245,clouds_pilot,4.0,TrialSpatialRotation,2.5960589999995136,1,none,2.0
246,clouds_pilot,4.0,TrialSpatialRotation,3.0,0,none,2.0
247,clouds_pilot,4.0,TrialSpatialRotation,2.1542419999996127,0,none,2.0
248,clouds_pilot,4.0,TrialSpatialRotation,2.0305719999996654,1,none,2.0
249,clouds_pilot,4.0,TrialSpatialRotation,3.0,0,none,2.0
250,clouds_pilot,4.0,TrialSpatialRotation,2.2779100000002472,1,DS-SR,3.0
251,clouds_pilot,4.0,TrialSpatialRotation,1.984693999999763,1,none,3.0
252,clouds_pilot,4.0,TrialSpatialRotation,1.9846959999999854,0,none,3.0
253,clouds_pilot,4.0,TrialSpatialRotation,2.473388000000341,1,none,3.0
254,clouds_pilot,4.0,TrialSpatialRotation,1.992674000000079,1,none,3.0
255,clouds_pilot,4.0,TrialSpatialRotation,1.685493999999835,1,none,3.0
256,clouds_pilot,4.0,TrialSpatialRotation,2.0934040000001914,0,none,3.0
257,clouds_pilot,4.0,TrialSpatialRotation,2.6519109999999273,1,none,3.0
258,clouds_pilot,4.0,TrialSpatialRotation,1.5169450000003053,1,none,3.0
259,clouds_pilot,4.0,TrialSpatialRotation,3.0,0,SS-SR,4.0
260,clouds_pilot,4.0,TrialSpatialRotation,3.0,0,none,4.0
261,clouds_pilot,4.0,TrialSpatialRotation,2.3656780000001163,1,none,4.0
262,clouds_pilot,4.0,TrialSpatialSpan,3.0,0,NONE-SS,1.0
263,clouds_pilot,4.0,TrialSpatialSpan,2.605037000000266,0,none,1.0
264,clouds_pilot,4.0,TrialSpatialSpan,1.752313999999842,1,none,1.0
265,clouds_pilot,4.0,TrialSpatialSpan,2.5771109999996042,1,none,1.0
266,clouds_pilot,4.0,TrialSpatialSpan,2.5232559999999467,0,DS-SS,2.0
267,clouds_pilot,4.0,TrialSpatialSpan,3.0,0,none,2.0
268,clouds_pilot,4.0,TrialSpatialSpan,1.9827000000000226,1,none,2.0
269,clouds_pilot,4.0,TrialSpatialSpan,1.664549999999963,1,none,2.0
270,clouds_pilot,4.0,TrialSpatialSpan,3.0,0,none,2.0
271,clouds_pilot,4.0,TrialSpatialSpan,3.0,0,none,2.0
272,clouds_pilot,4.0,TrialSpatialSpan,1.5119580000000497,0,none,2.0
273,clouds_pilot,4.0,TrialSpatialSpan,2.3716600000002472,1,SR-SS,3.0
274,clouds_pilot,4.0,TrialSpatialSpan,2.504305000000386,0,none,3.0
275,clouds_pilot,4.0,TrialSpatialSpan,2.701778000000104,0,none,3.0
276,clouds_pilot,4.0,TrialSpatialSpan,3.0,0,none,3.0
277,clouds_pilot,4.0,TrialSpatialSpan,2.8753139999998893,1,none,3.0
278,clouds_pilot,4.0,TrialSpatialSpan,3.0,0,none,3.0
279,louis_pilot,1.0,TrialDigitSpan,1.4800433999999996,1,SR-DS,1.0
280,louis_pilot,1.0,TrialDigitSpan,2.0395476999999858,1,none,1.0
281,louis_pilot,1.0,TrialDigitSpan,1.4900183999999683,1,none,1.0
282,louis_pilot,1.0,TrialDigitSpan,2.771590500000002,1,none,1.0
283,louis_pilot,1.0,TrialDigitSpan,1.6525824,1,none,1.0
284,louis_pilot,1.0,TrialDigitSpan,3.0,0,none,1.0
285,louis_pilot,1.0,TrialDigitSpan,1.920866300000057,1,SS-DS,2.0
286,louis_pilot,1.0,TrialDigitSpan,3.0,0,none,2.0
287,louis_pilot,1.0,TrialDigitSpan,1.4820379999999886,1,none,2.0
288,louis_pilot,1.0,TrialDigitSpan,1.5319051000000172,1,none,2.0
289,louis_pilot,1.0,TrialDigitSpan,2.946126000000163,1,none,2.0
290,louis_pilot,1.0,TrialDigitSpan,1.9228602000000592,1,none,2.0
291,louis_pilot,1.0,TrialDigitSpan,1.9986575000000357,1,none,2.0
292,louis_pilot,1.0,TrialDigitSpan,2.2310353999998824,1,none,2.0
293,louis_pilot,1.0,TrialSpatialRotation,2.0824332199999986,1,NONE-SR,1.0
294,louis_pilot,1.0,TrialSpatialRotation,2.8593583199999983,0,none,1.0
295,louis_pilot,1.0,TrialSpatialRotation,2.766602039999995,1,none,1.0
296,louis_pilot,1.0,TrialSpatialRotation,3.0,0,none,1.0
297,louis_pilot,1.0,TrialSpatialRotation,2.2320327799999973,1,none,1.0
298,louis_pilot,1.0,TrialSpatialRotation,2.688813300000021,1,none,1.0
299,louis_pilot,1.0,TrialSpatialRotation,2.3776439000000664,0,SS-SR,2.0
300,louis_pilot,1.0,TrialSpatialRotation,1.8979258999999615,1,none,2.0
301,louis_pilot,1.0,TrialSpatialRotation,2.8663377999999966,0,none,2.0
302,louis_pilot,1.0,TrialSpatialRotation,2.7596214000000145,1,none,2.0
303,louis_pilot,1.0,TrialSpatialRotation,3.0,0,none,2.0
304,louis_pilot,1.0,TrialSpatialRotation,2.3088261999999986,1,none,2.0
305,louis_pilot,1.0,TrialSpatialRotation,3.0,0,none,2.0
306,louis_pilot,1.0,TrialSpatialRotation,2.3856230000000096,0,none,2.0
307,louis_pilot,1.0,TrialSpatialRotation,2.432495299999914,0,SS-SR,3.0
308,louis_pilot,1.0,TrialSpatialRotation,2.18216730000006,1,none,3.0
309,louis_pilot,1.0,TrialSpatialRotation,1.7433694999999716,1,none,3.0
310,louis_pilot,1.0,TrialSpatialRotation,2.6598902000000635,1,none,3.0
311,louis_pilot,1.0,TrialSpatialRotation,1.9557698000000983,1,none,3.0
312,louis_pilot,1.0,TrialSpatialRotation,1.3902822000001152,1,none,3.0
313,louis_pilot,1.0,TrialSpatialRotation,2.91520770000011,1,DS-SR,4.0
314,louis_pilot,1.0,TrialSpatialRotation,2.096395899999834,1,none,4.0
315,louis_pilot,1.0,TrialSpatialRotation,1.8360912999999073,1,none,4.0
316,louis_pilot,1.0,TrialSpatialRotation,3.0,0,none,4.0
317,louis_pilot,1.0,TrialSpatialRotation,2.26993159999995,0,none,4.0
318,louis_pilot,1.0,TrialSpatialRotation,3.0,0,none,4.0
319,louis_pilot,1.0,TrialSpatialRotation,2.8853209000001243,0,none,4.0
320,louis_pilot,1.0,TrialSpatialRotation,3.0,0,none,4.0
321,louis_pilot,1.0,TrialSpatialSpan,3.0,0,DS-SS,1.0
322,louis_pilot,1.0,TrialSpatialSpan,1.538885399999998,1,none,1.0
323,louis_pilot,1.0,TrialSpatialSpan,2.4285097000000064,1,none,1.0
324,louis_pilot,1.0,TrialSpatialSpan,2.6618842999999686,1,none,1.0
325,louis_pilot,1.0,TrialSpatialSpan,2.7656063999999674,0,none,1.0
326,louis_pilot,1.0,TrialSpatialSpan,2.7546371999999906,0,none,1.0
327,louis_pilot,1.0,TrialSpatialSpan,3.0,0,none,1.0
328,louis_pilot,1.0,TrialSpatialSpan,2.080439100000035,1,SR-SS,2.0
329,louis_pilot,1.0,TrialSpatialSpan,1.6944699000000014,1,none,2.0
330,louis_pilot,1.0,TrialSpatialSpan,2.177147599999955,0,none,2.0
331,louis_pilot,1.0,TrialSpatialSpan,3.0,0,none,2.0
332,louis_pilot,1.0,TrialSpatialSpan,1.7343610999999441,1,none,2.0
333,louis_pilot,1.0,TrialSpatialSpan,3.0,0,none,2.0
334,louis_pilot,1.0,TrialSpatialSpan,2.799515500000041,0,none,2.0
335,louis_pilot,1.0,TrialSpatialSpan,2.6449294000000236,0,none,2.0
336,louis_pilot,1.0,TrialSpatialSpan,3.0,0,none,2.0
337,louis_pilot,1.0,TrialSpatialSpan,3.0,0,SR-SS,3.0
338,louis_pilot,1.0,TrialSpatialSpan,1.40125450000005,1,none,3.0
339,louis_pilot,1.0,TrialSpatialSpan,2.630965500000002,0,none,3.0
340,louis_pilot,1.0,TrialSpatialSpan,2.677841400000034,0,none,3.0
341,louis_pilot,1.0,TrialSpatialSpan,3.0,0,none,3.0
342,louis_pilot,1.0,TrialSpatialSpan,2.4863529000000426,1,none,3.0
343,louis_pilot,1.0,TrialSpatialSpan,2.302843800000119,0,SR-SS,4.0
344,louis_pilot,1.0,TrialSpatialSpan,2.8025081000000682,1,none,4.0
345,louis_pilot,1.0,TrialSpatialSpan,2.041541799999777,1,none,4.0
346,louis_pilot,2.0,TrialDigitSpan,1.8510519999999815,1,SS-DS,1.0
347,louis_pilot,2.0,TrialDigitSpan,1.9298409999998967,0,none,1.0
348,louis_pilot,2.0,TrialDigitSpan,2.055505999999923,1,none,1.0
349,louis_pilot,2.0,TrialDigitSpan,1.9517819999998665,1,none,1.0
350,louis_pilot,2.0,TrialDigitSpan,1.9926719999998568,1,none,1.0
351,louis_pilot,2.0,TrialDigitSpan,1.496998000000076,1,none,1.0
352,louis_pilot,2.0,TrialDigitSpan,2.088419000000158,1,SR-DS,2.0
353,louis_pilot,2.0,TrialDigitSpan,1.9069010000000617,1,none,2.0
354,louis_pilot,2.0,TrialDigitSpan,2.240011999999979,1,none,2.0
355,louis_pilot,2.0,TrialDigitSpan,1.579776000000038,1,none,2.0
356,louis_pilot,2.0,TrialDigitSpan,2.278909999999996,0,none,2.0
357,louis_pilot,2.0,TrialDigitSpan,2.495329999999967,1,none,2.0
358,louis_pilot,2.0,TrialDigitSpan,2.5252479999999196,0,none,2.0
359,louis_pilot,2.0,TrialDigitSpan,1.716412999999875,1,none,2.0
360,louis_pilot,2.0,TrialDigitSpan,1.6455990000001748,1,SR-DS,3.0
361,louis_pilot,2.0,TrialDigitSpan,1.5518509999999424,1,none,3.0
362,louis_pilot,2.0,TrialDigitSpan,2.0315669999999955,0,none,3.0
363,louis_pilot,2.0,TrialDigitSpan,2.097393000000011,1,none,3.0
364,louis_pilot,2.0,TrialDigitSpan,2.1342939999999544,1,none,3.0
365,louis_pilot,2.0,TrialDigitSpan,2.7606190000001334,0,none,3.0
366,louis_pilot,2.0,TrialDigitSpan,2.0764459999998053,1,none,3.0
367,louis_pilot,2.0,TrialDigitSpan,1.7782449999999699,1,SR-DS,4.0
368,louis_pilot,2.0,TrialDigitSpan,1.4670790000000125,1,none,4.0
369,louis_pilot,2.0,TrialDigitSpan,1.4391530000002604,1,none,4.0
370,louis_pilot,2.0,TrialDigitSpan,1.424192999999832,1,none,4.0
371,louis_pilot,2.0,TrialDigitSpan,1.8321020000003045,1,none,4.0
372,louis_pilot,2.0,TrialDigitSpan,1.4880220000002282,1,none,4.0
373,louis_pilot,2.0,TrialDigitSpan,1.7213990000002468,1,none,4.0
374,louis_pilot,2.0,TrialDigitSpan,2.2519810000003417,1,none,4.0
375,louis_pilot,2.0,TrialDigitSpan,1.8410780000001523,1,none,4.0
376,louis_pilot,2.0,TrialSpatialRotation,2.0565029999997932,1,DS-SR,1.0
377,louis_pilot,2.0,TrialSpatialRotation,2.2609550000001946,1,none,1.0
378,louis_pilot,2.0,TrialSpatialRotation,2.3826309999999467,1,none,1.0
379,louis_pilot,2.0,TrialSpatialRotation,2.8633460000000923,1,none,1.0
380,louis_pilot,2.0,TrialSpatialRotation,3.0,0,none,1.0
381,louis_pilot,2.0,TrialSpatialRotation,3.0,0,none,1.0
382,louis_pilot,2.0,TrialSpatialRotation,1.9587629999998626,1,none,1.0
383,louis_pilot,2.0,TrialSpatialRotation,2.578107999999702,0,SS-SR,2.0
384,louis_pilot,2.0,TrialSpatialRotation,1.420170999999982,0,none,2.0
385,louis_pilot,2.0,TrialSpatialRotation,2.024589999999762,0,none,2.0
386,louis_pilot,2.0,TrialSpatialRotation,2.34772299999986,0,none,2.0
387,louis_pilot,2.0,TrialSpatialRotation,1.9657439999998587,1,none,2.0
388,louis_pilot,2.0,TrialSpatialRotation,3.0,0,none,2.0
389,louis_pilot,2.0,TrialSpatialRotation,2.277908000000025,1,none,2.0
390,louis_pilot,2.0,TrialSpatialRotation,1.8550420000001395,1,none,2.0
391,louis_pilot,2.0,TrialSpatialRotation,2.1791420000001835,1,none,2.0
392,louis_pilot,2.0,TrialSpatialRotation,2.144268000000011,0,DS-SR,3.0
393,louis_pilot,2.0,TrialSpatialRotation,2.5402090000000044,0,none,3.0
394,louis_pilot,2.0,TrialSpatialRotation,2.2210640000000694,1,none,3.0
395,louis_pilot,2.0,TrialSpatialRotation,2.804502999999613,0,none,3.0
396,louis_pilot,2.0,TrialSpatialRotation,2.60005000000001,1,none,3.0
397,louis_pilot,2.0,TrialSpatialRotation,2.5880809999998746,1,none,3.0
398,louis_pilot,2.0,TrialSpatialRotation,3.0,0,none,3.0
399,louis_pilot,2.0,TrialSpatialRotation,1.9188709999996263,0,none,3.0
400,louis_pilot,2.0,TrialSpatialRotation,1.828112999999803,1,DS-SR,4.0
401,louis_pilot,2.0,TrialSpatialRotation,2.026583999999957,1,none,4.0
402,louis_pilot,2.0,TrialSpatialRotation,2.0684689999998227,1,none,4.0
403,louis_pilot,2.0,TrialSpatialSpan,2.1402780000000803,1,NONE-SS,1.0
404,louis_pilot,2.0,TrialSpatialSpan,1.7094319999998788,1,none,1.0
405,louis_pilot,2.0,TrialSpatialSpan,2.1033769999999095,1,none,1.0
406,louis_pilot,2.0,TrialSpatialSpan,2.4334949999999935,1,DS-SS,2.0
407,louis_pilot,2.0,TrialSpatialSpan,1.8590299999998479,1,none,2.0
408,louis_pilot,2.0,TrialSpatialSpan,2.0714629999999943,0,none,2.0
409,louis_pilot,2.0,TrialSpatialSpan,1.2017890000001898,1,none,2.0
410,louis_pilot,2.0,TrialSpatialSpan,2.217072000000144,0,none,2.0
411,louis_pilot,2.0,TrialSpatialSpan,2.8104860000000826,1,none,2.0
412,louis_pilot,2.0,TrialSpatialSpan,2.000652000000173,1,none,2.0
413,louis_pilot,3.0,TrialDigitSpan,1.9627230000000964,1,SR-DS,1.0
414,louis_pilot,3.0,TrialDigitSpan,1.9936699999998382,1,none,1.0
415,louis_pilot,3.0,TrialDigitSpan,2.4773780000000443,1,none,1.0
416,louis_pilot,3.0,TrialDigitSpan,2.1861559999997553,1,none,1.0
417,louis_pilot,3.0,TrialDigitSpan,1.5847640000001775,1,none,1.0
418,louis_pilot,3.0,TrialDigitSpan,2.7486509999998816,0,none,1.0
419,louis_pilot,3.0,TrialDigitSpan,1.730373999999756,1,none,1.0
420,louis_pilot,3.0,TrialDigitSpan,1.9019140000004882,0,SR-DS,2.0
421,louis_pilot,3.0,TrialDigitSpan,2.379638000000341,1,none,2.0
422,louis_pilot,3.0,TrialDigitSpan,1.3344320000001062,1,none,2.0
423,louis_pilot,3.0,TrialDigitSpan,1.8001870000002782,1,none,2.0
424,louis_pilot,3.0,TrialDigitSpan,2.130307000000357,1,none,2.0
425,louis_pilot,3.0,TrialDigitSpan,2.023592000000008,1,none,2.0
426,louis_pilot,3.0,TrialDigitSpan,2.7905399999995097,1,none,2.0
427,louis_pilot,3.0,TrialDigitSpan,2.1901459999994586,1,none,2.0
428,louis_pilot,3.0,TrialDigitSpan,3.0,0,SS-DS,3.0
429,louis_pilot,3.0,TrialDigitSpan,1.9577659999999923,1,none,3.0
430,louis_pilot,3.0,TrialDigitSpan,2.2110889999999017,1,none,3.0
431,louis_pilot,3.0,TrialDigitSpan,1.8789769999998498,1,none,3.0
432,louis_pilot,3.0,TrialDigitSpan,2.6798360000002504,1,none,3.0
433,louis_pilot,3.0,TrialDigitSpan,3.0,0,none,3.0
434,louis_pilot,3.0,TrialSpatialRotation,2.7805670000002465,0,NONE-SR,1.0
435,louis_pilot,3.0,TrialSpatialRotation,1.9747200000001612,1,none,1.0
436,louis_pilot,3.0,TrialSpatialRotation,2.4115530000003673,1,none,1.0
437,louis_pilot,3.0,TrialSpatialRotation,0.9265239999999721,0,none,1.0
438,louis_pilot,3.0,TrialSpatialRotation,1.7443370000000868,1,SS-SR,2.0
439,louis_pilot,3.0,TrialSpatialRotation,2.3028440000002774,1,none,2.0
440,louis_pilot,3.0,TrialSpatialRotation,3.0,0,none,2.0
441,louis_pilot,3.0,TrialSpatialRotation,1.5698040000002038,1,none,2.0
442,louis_pilot,3.0,TrialSpatialRotation,2.1392799999998715,1,none,2.0
443,louis_pilot,3.0,TrialSpatialRotation,2.235022999999728,1,none,2.0
444,louis_pilot,3.0,TrialSpatialRotation,2.3766460000001643,0,none,2.0
445,louis_pilot,3.0,TrialSpatialRotation,2.8114839999998367,1,DS-SR,3.0
446,louis_pilot,3.0,TrialSpatialRotation,3.0,0,none,3.0
447,louis_pilot,3.0,TrialSpatialRotation,2.172194000000218,1,none,3.0
448,louis_pilot,3.0,TrialSpatialRotation,2.342736999999488,1,none,3.0
449,louis_pilot,3.0,TrialSpatialRotation,2.888278999999784,0,none,3.0
450,louis_pilot,3.0,TrialSpatialRotation,1.0751259999997274,1,none,3.0
451,louis_pilot,3.0,TrialSpatialRotation,1.6864919999998165,0,DS-SR,4.0
452,louis_pilot,3.0,TrialSpatialRotation,2.5212609999998676,1,none,4.0
453,louis_pilot,3.0,TrialSpatialRotation,2.028577999999925,1,none,4.0
454,louis_pilot,3.0,TrialSpatialRotation,1.8161449999997785,0,none,4.0
455,louis_pilot,3.0,TrialSpatialRotation,1.9029129999998986,1,none,4.0
456,louis_pilot,3.0,TrialSpatialRotation,2.38761599999998,1,none,4.0
457,louis_pilot,3.0,TrialSpatialRotation,1.9328330000003007,0,none,4.0
458,louis_pilot,3.0,TrialSpatialSpan,1.8640170000003309,1,SR-SS,1.0
459,louis_pilot,3.0,TrialSpatialSpan,2.2280170000003636,0,none,1.0
460,louis_pilot,3.0,TrialSpatialSpan,1.7712670000000799,0,none,1.0
461,louis_pilot,3.0,TrialSpatialSpan,1.8829670000000078,1,none,1.0
462,louis_pilot,3.0,TrialSpatialSpan,2.7715900000002875,1,none,1.0
463,louis_pilot,3.0,TrialSpatialSpan,2.5970549999997274,1,none,1.0
464,louis_pilot,3.0,TrialSpatialSpan,3.0,0,none,1.0
465,louis_pilot,3.0,TrialSpatialSpan,1.5239259999998467,1,none,1.0
466,louis_pilot,3.0,TrialSpatialSpan,2.4284770000003846,1,DS-SS,2.0
467,louis_pilot,3.0,TrialSpatialSpan,3.0,0,none,2.0
468,louis_pilot,3.0,TrialSpatialSpan,2.22505000000001,1,none,2.0
469,louis_pilot,3.0,TrialSpatialSpan,1.766276999999718,0,none,2.0
470,louis_pilot,3.0,TrialSpatialSpan,2.4853549999997995,1,none,2.0
471,louis_pilot,3.0,TrialSpatialSpan,1.9437729999999647,1,none,2.0
472,louis_pilot,3.0,TrialSpatialSpan,2.6409389999998893,0,none,2.0
473,louis_pilot,3.0,TrialSpatialSpan,1.8809400000000096,1,none,2.0
474,louis_pilot,3.0,TrialSpatialSpan,2.2749180000000706,0,none,2.0
475,louis_pilot,3.0,TrialSpatialSpan,2.351713000000018,0,SR-SS,3.0
476,louis_pilot,3.0,TrialSpatialSpan,2.460422000000108,1,none,3.0
477,louis_pilot,3.0,TrialSpatialSpan,2.6479209999997693,0,none,3.0
478,louis_pilot,4.0,TrialDigitSpan,3.0,0,SS-DS,1.0
479,louis_pilot,4.0,TrialDigitSpan,1.721397999999681,1,none,1.0
480,louis_pilot,4.0,TrialDigitSpan,1.6037129999995159,1,none,1.0
481,louis_pilot,4.0,TrialDigitSpan,3.0,0,none,1.0
482,louis_pilot,4.0,TrialDigitSpan,2.5172710000001643,1,none,1.0
483,louis_pilot,4.0,TrialDigitSpan,2.27292400000033,1,none,1.0
484,louis_pilot,4.0,TrialDigitSpan,1.9318349999994098,1,none,1.0
485,louis_pilot,4.0,TrialDigitSpan,1.9667420000000675,1,none,1.0
486,louis_pilot,4.0,TrialDigitSpan,2.754635999999664,0,SS-DS,2.0
487,louis_pilot,4.0,TrialDigitSpan,2.4235210000001643,1,none,2.0
488,louis_pilot,4.0,TrialDigitSpan,2.2519789999996647,1,none,2.0
489,louis_pilot,4.0,TrialDigitSpan,2.102379999999357,0,none,2.0
490,louis_pilot,4.0,TrialDigitSpan,3.0,0,none,2.0
491,louis_pilot,4.0,TrialDigitSpan,2.321794000000864,1,none,2.0
492,louis_pilot,4.0,TrialDigitSpan,2.1163430000001426,1,SS-DS,3.0
493,louis_pilot,4.0,TrialDigitSpan,2.3576969999999164,1,none,3.0
494,louis_pilot,4.0,TrialDigitSpan,2.513282000000345,1,none,3.0
495,louis_pilot,4.0,TrialDigitSpan,2.6439319999999498,0,none,3.0
496,louis_pilot,4.0,TrialDigitSpan,2.450449999999819,0,none,3.0
497,louis_pilot,4.0,TrialDigitSpan,2.071461999999883,1,none,3.0
498,louis_pilot,4.0,TrialDigitSpan,3.0,0,none,3.0
499,louis_pilot,4.0,TrialDigitSpan,2.5053029999999126,0,none,3.0
500,louis_pilot,4.0,TrialDigitSpan,1.4231970000000729,1,none,3.0
501,louis_pilot,4.0,TrialSpatialRotation,2.087419999999838,0,SS-SR,1.0
502,louis_pilot,4.0,TrialSpatialRotation,2.1213299999999435,0,none,1.0
503,louis_pilot,4.0,TrialSpatialRotation,3.0,0,none,1.0
504,louis_pilot,4.0,TrialSpatialRotation,2.151249999999891,0,none,1.0
505,louis_pilot,4.0,TrialSpatialRotation,1.5827690000000985,1,none,1.0
506,louis_pilot,4.0,TrialSpatialRotation,1.702448000000004,1,none,1.0
507,louis_pilot,4.0,TrialSpatialRotation,1.1359619999998358,1,none,1.0
508,louis_pilot,4.0,TrialSpatialRotation,2.0565019999999095,1,none,1.0
509,louis_pilot,4.0,TrialSpatialRotation,2.630967000000055,0,none,1.0
510,louis_pilot,4.0,TrialSpatialRotation,3.0,0,SS-SR,2.0
511,louis_pilot,4.0,TrialSpatialRotation,1.5179419999999482,1,none,2.0
512,louis_pilot,4.0,TrialSpatialRotation,2.226049999999759,0,none,2.0
513,louis_pilot,4.0,TrialSpatialRotation,1.6186719999996058,0,none,2.0
514,louis_pilot,4.0,TrialSpatialSpan,2.612017000000378,1,NONE-SS,1.0
515,louis_pilot,4.0,TrialSpatialSpan,2.952107000000069,1,none,1.0
516,louis_pilot,4.0,TrialSpatialSpan,3.0,0,none,1.0
517,louis_pilot,4.0,TrialSpatialSpan,1.562822000000324,1,SR-SS,2.0
518,louis_pilot,4.0,TrialSpatialSpan,1.9178729999998723,0,none,2.0
519,louis_pilot,4.0,TrialSpatialSpan,1.3653509999999187,0,none,2.0
520,louis_pilot,4.0,TrialSpatialSpan,1.894933999999921,1,none,2.0
521,louis_pilot,4.0,TrialSpatialSpan,2.664874999999938,1,none,2.0
522,louis_pilot,4.0,TrialSpatialSpan,2.0186039999998684,1,none,2.0
523,louis_pilot,4.0,TrialSpatialSpan,2.116341000000375,1,none,2.0
524,louis_pilot,4.0,TrialSpatialSpan,2.1143480000005184,1,none,2.0
525,louis_pilot,4.0,TrialSpatialSpan,1.8949340000003758,1,DS-SS,3.0
526,louis_pilot,4.0,TrialSpatialSpan,2.4464600000001155,0,none,3.0
527,louis_pilot,4.0,TrialSpatialSpan,1.8759870000003502,1,none,3.0
528,louis_pilot,4.0,TrialSpatialSpan,2.4654090000003634,1,none,3.0
529,louis_pilot,4.0,TrialSpatialSpan,2.5920700000006036,0,none,3.0
530,louis_pilot,4.0,TrialSpatialSpan,2.205102999999326,1,none,3.0
531,louis_pilot,4.0,TrialSpatialSpan,1.7712649999998575,1,none,3.0
532,louis_pilot,4.0,TrialSpatialSpan,2.3856220000006942,0,none,3.0
533,louis_pilot,4.0,TrialSpatialSpan,2.6568969999998444,1,none,3.0
534,louis_pilot,4.0,TrialSpatialSpan,2.8912700000005316,1,DS-SS,4.0
535,louis_pilot,4.0,TrialSpatialSpan,2.2609550000006493,0,none,4.0
536,louis_pilot,4.0,TrialSpatialSpan,2.6937990000001264,0,none,4.0
537,louis_pilot,4.0,TrialSpatialSpan,2.9431319999998777,0,none,4.0
538,louis_pilot,4.0,TrialSpatialSpan,1.9856919999992897,1,none,4.0
539,louis_pilot,4.0,TrialSpatialSpan,1.8360909999996693,1,none,4.0
540,louis_pilot,4.0,TrialSpatialSpan,2.495328999999856,1,none,4.0
541,louis_pilot,4.0,TrialSpatialSpan,2.155239000000165,1,DS-SS,5.0
542,louis_pilot,4.0,TrialSpatialSpan,3.0,0,none,5.0
543,louis_pilot,4.0,TrialSpatialSpan,3.0,0,none,5.0
544,louis_pilot,4.0,TrialSpatialSpan,1.8181399999998575,0,none,5.0
545,louis_pilot,4.0,TrialSpatialSpan,2.343735999999808,1,none,5.0
546,louis_pilot,4.0,TrialSpatialSpan,1.9677389999997104,0,none,5.0
547,louis_pilot,4.0,TrialSpatialSpan,2.5761139999999614,1,none,5.0
548,louis_pilot,4.0,TrialSpatialSpan,2.0205980000000636,1,none,5.0
549,louis_pilot,4.0,TrialSpatialSpan,1.9148820000000342,0,none,5.0
550,madi_pilot,1.0,TrialDigitSpan,2.890273090000001,1,NONE-DS,1.0
551,madi_pilot,1.0,TrialDigitSpan,3.0,0,none,1.0
552,madi_pilot,1.0,TrialDigitSpan,2.454439640000004,0,none,1.0
553,madi_pilot,1.0,TrialDigitSpan,2.9202294300000062,0,none,1.0
554,madi_pilot,1.0,TrialDigitSpan,2.282895090000011,1,none,1.0
555,madi_pilot,1.0,TrialDigitSpan,2.1063681000000116,1,none,1.0
556,madi_pilot,1.0,TrialDigitSpan,2.6578945999999917,1,none,1.0
557,madi_pilot,1.0,TrialDigitSpan,2.512282099999993,1,SR-DS,2.0
558,madi_pilot,1.0,TrialDigitSpan,2.6898448999999687,1,none,2.0
559,madi_pilot,1.0,TrialDigitSpan,3.0,0,none,2.0
560,madi_pilot,1.0,TrialDigitSpan,2.806498500000032,1,none,2.0
561,madi_pilot,1.0,TrialDigitSpan,2.406567100000075,0,none,2.0
562,madi_pilot,1.0,TrialDigitSpan,2.9281736000000365,0,none,2.0
563,madi_pilot,1.0,TrialDigitSpan,2.363712299999861,0,none,2.0
564,madi_pilot,1.0,TrialDigitSpan,3.0,0,SS-DS,3.0
565,madi_pilot,1.0,TrialDigitSpan,3.0,0,none,3.0
566,madi_pilot,1.0,TrialDigitSpan,2.0315681000000723,1,none,3.0
567,madi_pilot,1.0,TrialDigitSpan,1.7273506999999881,1,none,3.0
568,madi_pilot,1.0,TrialDigitSpan,1.3823405000000548,1,none,3.0
569,madi_pilot,1.0,TrialDigitSpan,3.0,0,none,3.0
570,madi_pilot,1.0,TrialDigitSpan,1.7522840999998834,0,none,3.0
571,madi_pilot,1.0,TrialDigitSpan,1.3703334000000496,0,none,3.0
572,madi_pilot,1.0,TrialDigitSpan,2.10038499999996,0,none,3.0
573,madi_pilot,1.0,TrialDigitSpan,2.9072287000000188,1,SS-DS,4.0
574,madi_pilot,1.0,TrialDigitSpan,2.1831646000000546,1,none,4.0
575,madi_pilot,1.0,TrialDigitSpan,1.6475947000000133,1,none,4.0
576,madi_pilot,1.0,TrialDigitSpan,2.879302700000153,0,none,4.0
577,madi_pilot,1.0,TrialDigitSpan,3.0,0,none,4.0
578,madi_pilot,1.0,TrialDigitSpan,2.5501820000000635,0,none,4.0
579,madi_pilot,1.0,TrialDigitSpan,3.0,0,none,4.0
580,madi_pilot,1.0,TrialDigitSpan,2.293867999999975,0,none,4.0
581,madi_pilot,1.0,TrialSpatialRotation,3.0,0,SS-SR,1.0
582,madi_pilot,1.0,TrialSpatialRotation,1.9377918000000136,1,none,1.0
583,madi_pilot,1.0,TrialSpatialRotation,2.741672699999981,1,none,1.0
584,madi_pilot,1.0,TrialSpatialRotation,2.8633464999999774,0,none,1.0
585,madi_pilot,1.0,TrialSpatialRotation,2.7596204999999827,0,none,1.0
586,madi_pilot,1.0,TrialSpatialRotation,3.0,0,none,1.0
587,madi_pilot,1.0,TrialSpatialRotation,2.3457290999999714,1,none,1.0
588,madi_pilot,1.0,TrialSpatialRotation,1.9407791999999517,1,none,1.0
589,madi_pilot,1.0,TrialSpatialRotation,1.2626253999999335,1,none,1.0
590,madi_pilot,1.0,TrialSpatialRotation,2.472360600000002,1,DS-SR,2.0
591,madi_pilot,1.0,TrialSpatialRotation,3.0,0,none,2.0
592,madi_pilot,1.0,TrialSpatialRotation,2.496325899999931,0,none,2.0
593,madi_pilot,1.0,TrialSpatialRotation,2.8015117999999575,0,none,2.0
594,madi_pilot,1.0,TrialSpatialRotation,2.7945296999999982,1,none,2.0
595,madi_pilot,1.0,TrialSpatialRotation,2.524252899999965,1,none,2.0
596,madi_pilot,1.0,TrialSpatialRotation,2.129309199999966,1,none,2.0
597,madi_pilot,1.0,TrialSpatialRotation,3.0,0,none,2.0
598,madi_pilot,1.0,TrialSpatialRotation,3.0,0,DS-SR,3.0
599,madi_pilot,1.0,TrialSpatialRotation,2.5242530000002716,1,none,3.0
600,madi_pilot,1.0,TrialSpatialRotation,2.1522469999999885,1,none,3.0
601,madi_pilot,1.0,TrialSpatialSpan,2.0594959000000017,1,DS-SS,1.0
602,madi_pilot,1.0,TrialSpatialSpan,2.673817899999989,0,none,1.0
603,madi_pilot,1.0,TrialSpatialSpan,3.0,0,none,1.0
604,madi_pilot,1.0,TrialSpatialSpan,1.808134999999993,1,none,1.0
605,madi_pilot,1.0,TrialSpatialSpan,2.15523909999996,1,none,1.0
606,madi_pilot,1.0,TrialSpatialSpan,2.2360229999999888,1,none,1.0
607,madi_pilot,1.0,TrialSpatialSpan,2.187154300000003,0,none,1.0
608,madi_pilot,1.0,TrialSpatialSpan,1.5099654999999927,0,none,1.0
609,madi_pilot,1.0,TrialSpatialSpan,2.3776751000000047,1,none,1.0
610,madi_pilot,1.0,TrialSpatialSpan,1.9467957000000524,0,SR-SS,2.0
611,madi_pilot,1.0,TrialSpatialSpan,2.24300530000005,1,none,2.0
612,madi_pilot,1.0,TrialSpatialSpan,1.8500184999999192,1,none,2.0
613,madi_pilot,1.0,TrialSpatialSpan,2.259957800000052,1,none,2.0
614,madi_pilot,1.0,TrialSpatialSpan,2.6349563000001126,1,none,2.0
615,madi_pilot,1.0,TrialSpatialSpan,3.0,0,none,2.0
616,madi_pilot,1.0,TrialSpatialSpan,2.7057673999998997,0,none,2.0
617,madi_pilot,1.0,TrialSpatialSpan,1.6784824999999728,1,none,2.0
618,madi_pilot,1.0,TrialSpatialSpan,2.778605500000026,0,none,2.0
619,madi_pilot,1.0,TrialSpatialSpan,1.4800784999999905,1,DS-SS,3.0
620,madi_pilot,1.0,TrialSpatialSpan,1.7752532999999175,1,none,3.0
621,madi_pilot,1.0,TrialSpatialSpan,1.750321000000099,1,none,3.0
622,madi_pilot,1.0,TrialSpatialSpan,1.7662796999998136,1,none,3.0
623,madi_pilot,1.0,TrialSpatialSpan,1.680507700000021,0,none,3.0
624,madi_pilot,1.0,TrialSpatialSpan,2.2220604999999978,0,none,3.0
625,madi_pilot,1.0,TrialSpatialSpan,1.433169399999997,1,none,3.0
626,madi_pilot,1.0,TrialSpatialSpan,1.9378552000000582,0,none,3.0
627,madi_pilot,2.0,TrialDigitSpan,1.7014510000001337,1,SR-DS,1.0
628,madi_pilot,2.0,TrialDigitSpan,3.0,0,none,1.0
629,madi_pilot,2.0,TrialDigitSpan,1.9976580000000013,1,none,1.0
630,madi_pilot,2.0,TrialDigitSpan,1.9936700000000656,1,none,1.0
631,madi_pilot,2.0,TrialDigitSpan,2.741705000000138,1,none,1.0
632,madi_pilot,2.0,TrialDigitSpan,3.0,0,none,1.0
633,madi_pilot,2.0,TrialDigitSpan,3.0,0,SR-DS,2.0
634,madi_pilot,2.0,TrialDigitSpan,2.609024999999974,1,none,2.0
635,madi_pilot,2.0,TrialDigitSpan,3.0,0,none,2.0
636,madi_pilot,2.0,TrialDigitSpan,2.3307700000000295,0,none,2.0
637,madi_pilot,2.0,TrialDigitSpan,2.400549999999839,1,none,2.0
638,madi_pilot,2.0,TrialDigitSpan,2.6369489999999587,0,none,2.0
639,madi_pilot,2.0,TrialDigitSpan,2.6419360000002143,1,none,2.0
640,madi_pilot,2.0,TrialDigitSpan,1.9198690000000624,1,none,2.0
641,madi_pilot,2.0,TrialDigitSpan,3.0,0,none,2.0
642,madi_pilot,2.0,TrialDigitSpan,2.367667999999867,1,SR-DS,3.0
643,madi_pilot,2.0,TrialDigitSpan,1.4620910000001004,1,none,3.0
644,madi_pilot,2.0,TrialDigitSpan,3.0,0,none,3.0
645,madi_pilot,2.0,TrialDigitSpan,2.586055000000215,0,none,3.0
646,madi_pilot,2.0,TrialDigitSpan,1.947791000000052,0,none,3.0
647,madi_pilot,2.0,TrialDigitSpan,2.5003159999998843,1,none,3.0
648,madi_pilot,2.0,TrialDigitSpan,1.542842999999948,1,none,3.0
649,madi_pilot,2.0,TrialDigitSpan,2.779569000000265,1,none,3.0
650,madi_pilot,2.0,TrialDigitSpan,1.419206000000031,1,none,3.0
651,madi_pilot,2.0,TrialSpatialRotation,2.661886000000095,1,NONE-SR,1.0
652,madi_pilot,2.0,TrialSpatialRotation,2.0525129999998626,0,none,1.0
653,madi_pilot,2.0,TrialSpatialRotation,2.525216999999884,1,none,1.0
654,madi_pilot,2.0,TrialSpatialRotation,1.8431050000001505,1,DS-SR,2.0
655,madi_pilot,2.0,TrialSpatialRotation,3.0,0,none,2.0
656,madi_pilot,2.0,TrialSpatialRotation,2.3985529999999926,0,none,2.0
657,madi_pilot,2.0,TrialSpatialRotation,1.9059050000000752,0,none,2.0
658,madi_pilot,2.0,TrialSpatialRotation,2.7685989999999947,0,none,2.0
659,madi_pilot,2.0,TrialSpatialRotation,2.682826999999861,1,none,2.0
660,madi_pilot,2.0,TrialSpatialRotation,2.5651430000000346,0,none,2.0
661,madi_pilot,2.0,TrialSpatialRotation,2.0764490000001388,0,none,2.0
662,madi_pilot,2.0,TrialSpatialRotation,2.1312689999999748,1,DS-SR,3.0
663,madi_pilot,2.0,TrialSpatialRotation,2.6249820000000454,1,none,3.0
664,madi_pilot,2.0,TrialSpatialRotation,1.7184380000001056,0,none,3.0
665,madi_pilot,2.0,TrialSpatialRotation,1.7463020000000142,1,none,3.0
666,madi_pilot,2.0,TrialSpatialRotation,2.540210999999772,1,none,3.0
667,madi_pilot,2.0,TrialSpatialRotation,2.45045099999993,0,none,3.0
668,madi_pilot,2.0,TrialSpatialRotation,2.5950940000002447,1,SS-SR,4.0
669,madi_pilot,2.0,TrialSpatialRotation,2.6987539999997807,1,none,4.0
670,madi_pilot,2.0,TrialSpatialRotation,2.9630449999999655,0,none,4.0
671,madi_pilot,2.0,TrialSpatialRotation,2.1711960000002364,0,none,4.0
672,madi_pilot,2.0,TrialSpatialRotation,2.0425709999999526,1,none,4.0
673,madi_pilot,2.0,TrialSpatialRotation,1.9756870000001072,1,none,4.0
674,madi_pilot,2.0,TrialSpatialRotation,1.7453360000004068,1,none,4.0
675,madi_pilot,2.0,TrialSpatialRotation,2.6718570000000454,1,DS-SR,5.0
676,madi_pilot,2.0,TrialSpatialRotation,1.8939350000002833,1,none,5.0
677,madi_pilot,2.0,TrialSpatialRotation,2.0525130000003173,0,none,5.0
678,madi_pilot,2.0,TrialSpatialRotation,1.8819370000001072,1,none,5.0
679,madi_pilot,2.0,TrialSpatialRotation,2.8832909999996446,0,none,5.0
680,madi_pilot,2.0,TrialSpatialRotation,1.8221269999999095,0,none,5.0
681,madi_pilot,2.0,TrialSpatialRotation,2.336754000000383,1,none,5.0
682,madi_pilot,2.0,TrialSpatialRotation,1.927846000000045,1,none,5.0
683,madi_pilot,2.0,TrialSpatialRotation,2.0215650000004644,0,none,5.0
684,madi_pilot,2.0,TrialSpatialSpan,1.5109950000000936,1,SR-SS,1.0
685,madi_pilot,2.0,TrialSpatialSpan,2.001649000000043,0,none,1.0
686,madi_pilot,2.0,TrialSpatialSpan,2.450450000000046,0,none,1.0
687,madi_pilot,2.0,TrialSpatialSpan,2.160225000000082,0,none,1.0
688,madi_pilot,2.0,TrialSpatialSpan,2.3946300000000065,1,none,1.0
689,madi_pilot,2.0,TrialSpatialSpan,3.0,0,none,1.0
690,madi_pilot,2.0,TrialSpatialSpan,2.1502509999997983,1,none,1.0
691,madi_pilot,2.0,TrialSpatialSpan,1.7293759999997746,0,SR-SS,2.0
692,madi_pilot,2.0,TrialSpatialSpan,1.657568000000083,1,none,2.0
693,madi_pilot,2.0,TrialSpatialSpan,2.538180999999895,0,none,2.0
694,madi_pilot,2.0,TrialSpatialSpan,1.6465980000002673,1,none,2.0
695,madi_pilot,3.0,TrialDigitSpan,2.4534429999998792,1,SR-DS,1.0
696,madi_pilot,3.0,TrialDigitSpan,3.0,0,none,1.0
697,madi_pilot,3.0,TrialDigitSpan,1.8440699999996468,1,none,1.0
698,madi_pilot,3.0,TrialDigitSpan,3.0,0,none,1.0
699,madi_pilot,3.0,TrialDigitSpan,2.296859999999924,0,none,1.0
700,madi_pilot,3.0,TrialDigitSpan,2.391607000000022,0,none,1.0
701,madi_pilot,3.0,TrialDigitSpan,2.706797000000279,0,none,1.0
702,madi_pilot,3.0,TrialDigitSpan,2.0764500000000226,1,none,1.0
703,madi_pilot,3.0,TrialDigitSpan,2.750647999999728,1,SS-DS,2.0
704,madi_pilot,3.0,TrialDigitSpan,3.0,0,none,2.0
705,madi_pilot,3.0,TrialDigitSpan,1.6027149999999892,1,none,2.0
706,madi_pilot,3.0,TrialDigitSpan,3.0,0,none,2.0
707,madi_pilot,3.0,TrialDigitSpan,1.6276510000002418,1,none,2.0
708,madi_pilot,3.0,TrialDigitSpan,2.505302000000029,0,none,2.0
709,madi_pilot,3.0,TrialDigitSpan,3.0,0,none,2.0
710,madi_pilot,3.0,TrialDigitSpan,2.3786730000001626,1,none,2.0
711,madi_pilot,3.0,TrialDigitSpan,2.220064999999977,0,none,2.0
712,madi_pilot,3.0,TrialDigitSpan,2.8264460000004874,0,SS-DS,3.0
713,madi_pilot,3.0,TrialDigitSpan,1.9447999999997592,1,none,3.0
714,madi_pilot,3.0,TrialDigitSpan,1.8330669999995735,1,none,3.0
715,madi_pilot,3.0,TrialDigitSpan,3.0,0,none,3.0
716,madi_pilot,3.0,TrialDigitSpan,2.4664060000000063,0,none,3.0
717,madi_pilot,3.0,TrialDigitSpan,2.4654099999997925,0,none,3.0
718,madi_pilot,3.0,TrialSpatialRotation,2.124289999999746,1,SS-SR,1.0
719,madi_pilot,3.0,TrialSpatialRotation,2.9600869999999304,1,none,1.0
720,madi_pilot,3.0,TrialSpatialRotation,2.541207000000213,1,none,1.0
721,madi_pilot,3.0,TrialSpatialRotation,3.0,0,none,1.0
722,madi_pilot,3.0,TrialSpatialRotation,2.236054999999851,1,none,1.0
723,madi_pilot,3.0,TrialSpatialRotation,2.3377510000004804,1,none,1.0
724,madi_pilot,3.0,TrialSpatialRotation,3.0,0,SS-SR,2.0
725,madi_pilot,3.0,TrialSpatialRotation,2.465378999999757,1,none,2.0
726,madi_pilot,3.0,TrialSpatialRotation,2.613014000000021,1,none,2.0
727,madi_pilot,3.0,TrialSpatialRotation,2.2998179999999593,0,none,2.0
728,madi_pilot,3.0,TrialSpatialRotation,1.6166800000000876,1,none,2.0
729,madi_pilot,3.0,TrialSpatialRotation,2.277912000000015,1,none,2.0
730,madi_pilot,3.0,TrialSpatialRotation,2.5112880000001496,1,none,2.0
731,madi_pilot,3.0,TrialSpatialRotation,1.6854929999999513,1,none,2.0
732,madi_pilot,3.0,TrialSpatialRotation,2.341739999999845,0,none,2.0
733,madi_pilot,3.0,TrialSpatialSpan,2.4743570000000545,0,NONE-SS,1.0
734,madi_pilot,3.0,TrialSpatialSpan,1.8161439999998947,1,none,1.0
735,madi_pilot,3.0,TrialSpatialSpan,3.0,0,none,1.0
736,madi_pilot,3.0,TrialSpatialSpan,1.8889500000000226,1,none,1.0
737,madi_pilot,3.0,TrialSpatialSpan,2.836417999999867,1,none,1.0
738,madi_pilot,3.0,TrialSpatialSpan,2.727707000000464,0,DS-SS,2.0
739,madi_pilot,3.0,TrialSpatialSpan,1.6426079999996546,1,none,2.0
740,madi_pilot,3.0,TrialSpatialSpan,2.0375539999995453,1,none,2.0
741,madi_pilot,3.0,TrialSpatialSpan,1.7194030000000566,0,none,2.0
742,madi_pilot,3.0,TrialSpatialSpan,2.562152999999853,1,none,2.0
743,madi_pilot,3.0,TrialSpatialSpan,2.2340299999996205,1,none,2.0
744,madi_pilot,3.0,TrialSpatialSpan,2.6349310000000514,0,none,2.0
745,madi_pilot,3.0,TrialSpatialSpan,2.3477239999997437,1,SR-SS,3.0
746,madi_pilot,3.0,TrialSpatialSpan,1.7273810000001504,1,none,3.0
747,madi_pilot,3.0,TrialSpatialSpan,1.8510510000000977,0,none,3.0
748,madi_pilot,3.0,TrialSpatialSpan,2.468401999999969,1,none,3.0
749,madi_pilot,3.0,TrialSpatialSpan,1.7313719999997375,1,none,3.0
750,madi_pilot,3.0,TrialSpatialSpan,1.368337999999767,0,none,3.0
751,madi_pilot,3.0,TrialSpatialSpan,1.5967319999999745,1,none,3.0
752,madi_pilot,3.0,TrialSpatialSpan,1.6545780000001287,0,none,3.0
753,madi_pilot,3.0,TrialSpatialSpan,2.2220280000001367,1,DS-SS,4.0
754,madi_pilot,3.0,TrialSpatialSpan,1.8949350000002596,1,none,4.0
755,madi_pilot,3.0,TrialSpatialSpan,2.0126539999996567,1,none,4.0
756,madi_pilot,3.0,TrialSpatialSpan,1.7114240000005339,0,none,4.0
757,madi_pilot,3.0,TrialSpatialSpan,2.0944009999998343,1,none,4.0
758,madi_pilot,3.0,TrialSpatialSpan,2.026581999999962,0,none,4.0
759,madi_pilot,3.0,TrialSpatialSpan,1.8819379999995363,1,DS-SS,5.0
760,madi_pilot,3.0,TrialSpatialSpan,2.684787000000142,1,none,5.0
761,madi_pilot,3.0,TrialSpatialSpan,3.0,0,none,5.0
762,madi_pilot,4.0,TrialDigitSpan,2.3806359999998676,1,SS-DS,1.0
763,madi_pilot,4.0,TrialDigitSpan,2.7895449999996345,0,none,1.0
764,madi_pilot,4.0,TrialDigitSpan,2.4185350000002472,1,none,1.0
765,madi_pilot,4.0,TrialDigitSpan,1.6495909999994183,1,none,1.0
766,madi_pilot,4.0,TrialDigitSpan,2.9531059999994795,1,none,1.0
767,madi_pilot,4.0,TrialDigitSpan,1.7832350000003316,1,none,1.0
768,madi_pilot,4.0,TrialDigitSpan,2.0504869999999755,1,none,1.0
769,madi_pilot,4.0,TrialDigitSpan,1.9647490000002108,1,none,1.0
770,madi_pilot,4.0,TrialDigitSpan,1.71042800000032,1,none,1.0
771,madi_pilot,4.0,TrialDigitSpan,2.7516120000004776,1,SS-DS,2.0
772,madi_pilot,4.0,TrialDigitSpan,2.0744529999992665,1,none,2.0
773,madi_pilot,4.0,TrialDigitSpan,1.5119580000000497,1,none,2.0
774,madi_pilot,4.0,TrialDigitSpan,3.0,0,none,2.0
775,madi_pilot,4.0,TrialDigitSpan,2.5112550000003466,0,none,2.0
776,madi_pilot,4.0,TrialDigitSpan,2.279907000000094,1,none,2.0
777,madi_pilot,4.0,TrialDigitSpan,1.618673000000399,1,none,2.0
778,madi_pilot,4.0,TrialDigitSpan,2.5840909999997166,0,none,2.0
779,madi_pilot,4.0,TrialDigitSpan,1.3094980000005307,1,none,2.0
780,madi_pilot,4.0,TrialDigitSpan,2.875312999999551,0,SR-DS,3.0
781,madi_pilot,4.0,TrialDigitSpan,1.9039109999994253,1,none,3.0
782,madi_pilot,4.0,TrialDigitSpan,2.2828660000004675,1,none,3.0
783,madi_pilot,4.0,TrialSpatialRotation,2.0375530000001163,0,SS-SR,1.0
784,madi_pilot,4.0,TrialSpatialRotation,2.1422730000003867,1,none,1.0
785,madi_pilot,4.0,TrialSpatialRotation,2.1332949999996345,1,none,1.0
786,madi_pilot,4.0,TrialSpatialRotation,2.3048719999997047,1,none,1.0
787,madi_pilot,4.0,TrialSpatialRotation,1.780239000000165,0,none,1.0
788,madi_pilot,4.0,TrialSpatialRotation,2.2529759999997623,1,none,1.0
789,madi_pilot,4.0,TrialSpatialRotation,2.250984000000244,1,DS-SR,2.0
790,madi_pilot,4.0,TrialSpatialRotation,2.647921000000224,1,none,2.0
791,madi_pilot,4.0,TrialSpatialRotation,2.04353699999956,1,none,2.0
792,madi_pilot,4.0,TrialSpatialRotation,3.0,0,none,2.0
793,madi_pilot,4.0,TrialSpatialRotation,2.6269820000002255,1,none,2.0
794,madi_pilot,4.0,TrialSpatialRotation,1.7303729999994175,1,none,2.0
795,madi_pilot,4.0,TrialSpatialRotation,2.3008490000001984,1,none,2.0
796,madi_pilot,4.0,TrialSpatialRotation,1.7433399999999892,1,none,2.0
797,madi_pilot,4.0,TrialSpatialRotation,1.682502999999997,1,none,2.0
798,madi_pilot,4.0,TrialSpatialRotation,1.9826670000002196,1,SS-SR,3.0
799,madi_pilot,4.0,TrialSpatialRotation,1.8690049999995608,0,none,3.0
800,madi_pilot,4.0,TrialSpatialRotation,1.6864610000011453,1,none,3.0
801,madi_pilot,4.0,TrialSpatialRotation,1.6765179999993052,1,none,3.0
802,madi_pilot,4.0,TrialSpatialRotation,1.4241930000007414,0,none,3.0
803,madi_pilot,4.0,TrialSpatialRotation,1.534896999999546,0,none,3.0
804,madi_pilot,4.0,TrialSpatialRotation,2.634954000000107,0,none,3.0
805,madi_pilot,4.0,TrialSpatialSpan,2.13924999999972,0,NONE-SS,1.0
806,madi_pilot,4.0,TrialSpatialSpan,1.917873000000327,0,none,1.0
807,madi_pilot,4.0,TrialSpatialSpan,2.3127849999996215,1,none,1.0
808,madi_pilot,4.0,TrialSpatialSpan,3.0,0,DS-SS,2.0
809,madi_pilot,4.0,TrialSpatialSpan,1.5937369999996918,0,none,2.0
810,madi_pilot,4.0,TrialSpatialSpan,1.851050000000214,1,none,2.0
811,madi_pilot,4.0,TrialSpatialSpan,2.233002000000397,1,none,2.0
812,madi_pilot,4.0,TrialSpatialSpan,2.3995850000001155,0,none,2.0
813,madi_pilot,4.0,TrialSpatialSpan,2.069467999999688,1,none,2.0
814,madi_pilot,4.0,TrialSpatialSpan,1.8031810000002224,1,none,2.0
815,madi_pilot,4.0,TrialSpatialSpan,2.1023800000002666,1,none,2.0
816,madi_pilot,4.0,TrialSpatialSpan,2.8005129999996825,0,none,2.0
817,madi_pilot,4.0,TrialSpatialSpan,2.470427999999629,1,SR-SS,3.0
818,madi_pilot,4.0,TrialSpatialSpan,1.9856590000003962,0,none,3.0
819,madi_pilot,4.0,TrialSpatialSpan,2.394597999999405,1,none,3.0
820,madi_pilot,4.0,TrialSpatialSpan,2.4354889999999614,1,none,3.0
821,madi_pilot,4.0,TrialSpatialSpan,1.9218300000002273,1,none,3.0
822,madi_pilot,4.0,TrialSpatialSpan,2.6459270000004835,1,none,3.0
823,madi_pilot,4.0,TrialSpatialSpan,3.0,0,none,3.0
824,madi_pilot,4.0,TrialSpatialSpan,1.6366250000000946,1,none,3.0
825,madi_pilot,4.0,TrialSpatialSpan,2.238018000000011,1,none,3.0
826,madi_pilot,4.0,TrialSpatialSpan,1.7702659999995376,0,SR-SS,4.0
827,madi_pilot,4.0,TrialSpatialSpan,1.8500549999998839,0,none,4.0
828,madi_pilot,4.0,TrialSpatialSpan,2.012619000000086,1,none,4.0
829,madi_pilot,4.0,TrialSpatialSpan,1.2636219999994864,0,none,4.0
830,madi_pilot,4.0,TrialSpatialSpan,1.675521000000117,0,none,4.0
831,madi_pilot,4.0,TrialSpatialSpan,2.4404759999997623,0,none,4.0
832,madi_pilot,4.0,TrialSpatialSpan,2.0026480000005904,0,none,4.0
833,marianna_pilot,1.0,TrialDigitSpan,1.9826989000000594,1,SS-DS,1.0
834,marianna_pilot,1.0,TrialDigitSpan,3.0,0,none,1.0
835,marianna_pilot,1.0,TrialDigitSpan,2.2819011000000273,1,none,1.0
836,marianna_pilot,1.0,TrialDigitSpan,2.113350100000048,1,none,1.0
837,marianna_pilot,1.0,TrialDigitSpan,1.6795103999999128,1,none,1.0
838,marianna_pilot,1.0,TrialDigitSpan,2.7277081000000862,0,none,1.0
839,marianna_pilot,1.0,TrialDigitSpan,3.0,0,none,1.0
840,marianna_pilot,1.0,TrialDigitSpan,3.0,0,none,1.0
841,marianna_pilot,1.0,TrialDigitSpan,2.3347590000000764,0,none,1.0
842,marianna_pilot,1.0,TrialDigitSpan,1.949788099999978,1,SS-DS,2.0
843,marianna_pilot,1.0,TrialDigitSpan,3.0,0,none,2.0
844,marianna_pilot,1.0,TrialDigitSpan,1.932832400000052,1,none,2.0
845,marianna_pilot,1.0,TrialDigitSpan,2.877307900000119,0,none,2.0
846,marianna_pilot,1.0,TrialDigitSpan,2.7197675000001027,1,none,2.0
847,marianna_pilot,1.0,TrialDigitSpan,3.0,0,none,2.0
848,marianna_pilot,1.0,TrialDigitSpan,1.6426090999999587,0,none,2.0
849,marianna_pilot,1.0,TrialDigitSpan,3.0,0,none,2.0
850,marianna_pilot,1.0,TrialDigitSpan,2.395595999999955,0,SR-DS,3.0
851,marianna_pilot,1.0,TrialDigitSpan,2.9481170000000247,1,none,3.0
852,marianna_pilot,1.0,TrialDigitSpan,2.731700000000046,1,none,3.0
853,marianna_pilot,1.0,TrialDigitSpan,3.0,0,none,3.0
854,marianna_pilot,1.0,TrialDigitSpan,1.6057069999999385,1,none,3.0
855,marianna_pilot,1.0,TrialDigitSpan,2.915206999999782,1,none,3.0
856,marianna_pilot,1.0,TrialSpatialRotation,2.6578949000000023,0,NONE-SR,1.0
857,marianna_pilot,1.0,TrialSpatialRotation,1.8889231999999936,0,none,1.0
858,marianna_pilot,1.0,TrialSpatialRotation,3.0,0,none,1.0
859,marianna_pilot,1.0,TrialSpatialRotation,1.6904806999999948,1,none,1.0
860,marianna_pilot,1.0,TrialSpatialRotation,1.8121548000000018,0,none,1.0
861,marianna_pilot,1.0,TrialSpatialRotation,1.4989938000000222,1,none,1.0
862,marianna_pilot,1.0,TrialSpatialRotation,2.8294350999999835,1,none,1.0
863,marianna_pilot,1.0,TrialSpatialRotation,1.5747898000000191,0,none,1.0
864,marianna_pilot,1.0,TrialSpatialRotation,2.277909999999963,0,SS-SR,2.0
865,marianna_pilot,1.0,TrialSpatialRotation,2.8673346000000492,0,none,2.0
866,marianna_pilot,1.0,TrialSpatialRotation,2.742668399999957,0,none,2.0
867,marianna_pilot,1.0,TrialSpatialRotation,2.486352400000044,0,none,2.0
868,marianna_pilot,1.0,TrialSpatialRotation,1.8421103999999104,1,none,2.0
869,marianna_pilot,1.0,TrialSpatialRotation,2.6658744999999726,1,none,2.0
870,marianna_pilot,1.0,TrialSpatialRotation,2.00863099999998,0,none,2.0
871,marianna_pilot,1.0,TrialSpatialRotation,3.0,0,none,2.0
872,marianna_pilot,1.0,TrialSpatialRotation,1.8939385000001039,0,none,2.0
873,marianna_pilot,1.0,TrialSpatialRotation,1.4471314000002167,0,DS-SR,3.0
874,marianna_pilot,1.0,TrialSpatialRotation,1.9347950999998602,0,none,3.0
875,marianna_pilot,1.0,TrialSpatialRotation,2.3207958000000417,1,none,3.0
876,marianna_pilot,1.0,TrialSpatialRotation,2.4624182999999675,0,none,3.0
877,marianna_pilot,1.0,TrialSpatialRotation,2.420529199999919,0,none,3.0
878,marianna_pilot,1.0,TrialSpatialRotation,1.5428759999999784,0,none,3.0
879,marianna_pilot,1.0,TrialSpatialSpan,2.192138899999975,0,SR-SS,1.0
880,marianna_pilot,1.0,TrialSpatialSpan,2.5192658999999935,0,none,1.0
881,marianna_pilot,1.0,TrialSpatialSpan,2.3566997000000356,0,none,1.0
882,marianna_pilot,1.0,TrialSpatialSpan,2.454438400000015,1,none,1.0
883,marianna_pilot,1.0,TrialSpatialSpan,2.312817799999948,1,none,1.0
884,marianna_pilot,1.0,TrialSpatialSpan,1.9019153000000415,1,none,1.0
885,marianna_pilot,1.0,TrialSpatialSpan,1.9467955000000075,0,SR-SS,2.0
886,marianna_pilot,1.0,TrialSpatialSpan,2.004641300000003,0,none,2.0
887,marianna_pilot,1.0,TrialSpatialSpan,1.8181388999998944,1,none,2.0
888,marianna_pilot,1.0,TrialSpatialSpan,1.5478932999999415,0,none,2.0
889,marianna_pilot,1.0,TrialSpatialSpan,1.6815061999999443,1,none,2.0
890,marianna_pilot,1.0,TrialSpatialSpan,2.197126699999899,0,none,2.0
891,marianna_pilot,1.0,TrialSpatialSpan,2.8663362999999435,0,none,2.0
892,marianna_pilot,1.0,TrialSpatialSpan,2.4843265999999176,1,none,2.0
893,marianna_pilot,1.0,TrialSpatialSpan,1.4770529999999553,0,DS-SS,3.0
894,marianna_pilot,1.0,TrialSpatialSpan,1.8430736000000252,1,none,3.0
895,marianna_pilot,1.0,TrialSpatialSpan,2.2689345000000003,1,none,3.0
896,marianna_pilot,1.0,TrialSpatialSpan,2.0126196999998456,1,none,3.0
897,marianna_pilot,1.0,TrialSpatialSpan,2.297858900000051,0,none,3.0
898,marianna_pilot,1.0,TrialSpatialSpan,2.4813682999999855,0,none,3.0
899,marianna_pilot,1.0,TrialSpatialSpan,2.4145443000001023,0,none,3.0
900,marianna_pilot,1.0,TrialSpatialSpan,3.0,0,none,3.0
901,marianna_pilot,1.0,TrialSpatialSpan,2.4733879999998862,0,DS-SS,4.0
902,marianna_pilot,1.0,TrialSpatialSpan,1.058168999999907,1,none,4.0
903,marianna_pilot,1.0,TrialSpatialSpan,2.5970579999998336,0,none,4.0
904,marianna_pilot,2.0,TrialDigitSpan,3.0,0,SR-DS,1.0
905,marianna_pilot,2.0,TrialDigitSpan,3.0,0,none,1.0
906,marianna_pilot,2.0,TrialDigitSpan,2.3417719999997644,0,none,1.0
907,marianna_pilot,2.0,TrialDigitSpan,1.363354999999956,1,none,1.0
908,marianna_pilot,2.0,TrialDigitSpan,3.0,0,none,1.0
909,marianna_pilot,2.0,TrialDigitSpan,1.984662999999955,0,none,1.0
910,marianna_pilot,2.0,TrialDigitSpan,1.9088979999999083,0,none,1.0
911,marianna_pilot,2.0,TrialDigitSpan,3.0,0,none,1.0
912,marianna_pilot,2.0,TrialDigitSpan,2.1971269999999095,1,SS-DS,2.0
913,marianna_pilot,2.0,TrialDigitSpan,3.0,0,none,2.0
914,marianna_pilot,2.0,TrialDigitSpan,1.5518510000001697,1,none,2.0
915,marianna_pilot,2.0,TrialDigitSpan,3.0,0,none,2.0
916,marianna_pilot,2.0,TrialDigitSpan,3.0,0,none,2.0
917,marianna_pilot,2.0,TrialDigitSpan,3.0,0,none,2.0
918,marianna_pilot,2.0,TrialDigitSpan,2.2579639999999017,0,none,2.0
919,marianna_pilot,2.0,TrialDigitSpan,3.0,0,none,2.0
920,marianna_pilot,2.0,TrialDigitSpan,2.307829999999967,1,SS-DS,3.0
921,marianna_pilot,2.0,TrialDigitSpan,2.046528999999964,1,none,3.0
922,marianna_pilot,2.0,TrialDigitSpan,2.354704999999967,1,none,3.0
923,marianna_pilot,2.0,TrialDigitSpan,2.2420060000004014,0,none,3.0
924,marianna_pilot,2.0,TrialDigitSpan,2.2868859999998676,1,none,3.0
925,marianna_pilot,2.0,TrialDigitSpan,1.8400819999994837,1,none,3.0
926,marianna_pilot,2.0,TrialDigitSpan,2.2689360000003944,1,none,3.0
927,marianna_pilot,2.0,TrialDigitSpan,1.9647490000002108,1,SS-DS,4.0
928,marianna_pilot,2.0,TrialDigitSpan,3.0,0,none,4.0
929,marianna_pilot,2.0,TrialDigitSpan,3.0,0,none,4.0
930,marianna_pilot,2.0,TrialDigitSpan,2.1971269999999095,1,none,4.0
931,marianna_pilot,2.0,TrialDigitSpan,2.213082999999642,1,none,4.0
932,marianna_pilot,2.0,TrialDigitSpan,2.116342999999688,1,none,4.0
933,marianna_pilot,2.0,TrialDigitSpan,2.580101999999897,0,none,4.0
934,marianna_pilot,2.0,TrialSpatialRotation,1.983696000000009,0,SS-SR,1.0
935,marianna_pilot,2.0,TrialSpatialRotation,1.298530000000028,0,none,1.0
936,marianna_pilot,2.0,TrialSpatialRotation,1.9557709999999133,0,none,1.0
937,marianna_pilot,2.0,TrialSpatialRotation,1.3483960000000934,0,none,1.0
938,marianna_pilot,2.0,TrialSpatialRotation,1.912883999999849,1,none,1.0
939,marianna_pilot,2.0,TrialSpatialRotation,2.4285079999999653,1,none,1.0
940,marianna_pilot,2.0,TrialSpatialRotation,2.2340290000001914,0,none,1.0
941,marianna_pilot,2.0,TrialSpatialRotation,3.0,0,none,1.0
942,marianna_pilot,2.0,TrialSpatialRotation,2.675845999999865,0,none,1.0
943,marianna_pilot,2.0,TrialSpatialRotation,1.6844960000003084,0,DS-SR,2.0
944,marianna_pilot,2.0,TrialSpatialRotation,3.0,0,none,2.0
945,marianna_pilot,2.0,TrialSpatialRotation,1.5269200000002456,1,none,2.0
946,marianna_pilot,2.0,TrialSpatialSpan,3.0,0,NONE-SS,1.0
947,marianna_pilot,2.0,TrialSpatialSpan,2.119365000000016,0,none,1.0
948,marianna_pilot,2.0,TrialSpatialSpan,1.7253869999997278,0,none,1.0
949,marianna_pilot,2.0,TrialSpatialSpan,1.0063410000000204,0,none,1.0
950,marianna_pilot,2.0,TrialSpatialSpan,2.195130000000063,1,DS-SS,2.0
951,marianna_pilot,2.0,TrialSpatialSpan,2.3247850000002472,1,none,2.0
952,marianna_pilot,2.0,TrialSpatialSpan,2.021596999999929,0,none,2.0
953,marianna_pilot,2.0,TrialSpatialSpan,1.5309080000001813,1,none,2.0
954,marianna_pilot,2.0,TrialSpatialSpan,2.0914080000000013,0,none,2.0
955,marianna_pilot,2.0,TrialSpatialSpan,2.05251300000009,1,none,2.0
956,marianna_pilot,2.0,TrialSpatialSpan,2.2779100000002472,0,none,2.0
957,marianna_pilot,2.0,TrialSpatialSpan,2.763610000000199,1,none,2.0
958,marianna_pilot,2.0,TrialSpatialSpan,1.4870250000001306,0,DS-SS,3.0
959,marianna_pilot,2.0,TrialSpatialSpan,1.3165130000002137,0,none,3.0
960,marianna_pilot,2.0,TrialSpatialSpan,1.445133000000169,1,none,3.0
961,marianna_pilot,2.0,TrialSpatialSpan,2.1093620000001465,0,none,3.0
962,marianna_pilot,2.0,TrialSpatialSpan,3.0,0,none,3.0
963,marianna_pilot,2.0,TrialSpatialSpan,2.5152760000000853,1,none,3.0
964,marianna_pilot,2.0,TrialSpatialSpan,1.7722630000000663,0,none,3.0
965,marianna_pilot,2.0,TrialSpatialSpan,1.0561770000001616,0,none,3.0
966,marianna_pilot,2.0,TrialSpatialSpan,1.8859580000003007,1,DS-SS,4.0
967,marianna_pilot,2.0,TrialSpatialSpan,3.0,0,none,4.0
968,marianna_pilot,2.0,TrialSpatialSpan,0.9973660000000564,0,none,4.0
969,marianna_pilot,2.0,TrialSpatialSpan,1.3454030000002604,1,none,4.0
970,marianna_pilot,2.0,TrialSpatialSpan,1.7682730000001357,0,none,4.0
971,marianna_pilot,2.0,TrialSpatialSpan,1.3114929999999276,0,none,4.0
972,marianna_pilot,2.0,TrialSpatialSpan,1.5807740000000194,1,none,4.0
973,marianna_pilot,2.0,TrialSpatialSpan,1.583797999999888,0,none,4.0
974,marianna_pilot,2.0,TrialSpatialSpan,3.0,0,none,4.0
975,marianna_pilot,3.0,TrialDigitSpan,1.7892170000000078,0,SR-DS,1.0
976,marianna_pilot,3.0,TrialDigitSpan,2.088415000000168,1,none,1.0
977,marianna_pilot,3.0,TrialDigitSpan,2.6229859999998553,1,none,1.0
978,marianna_pilot,3.0,TrialDigitSpan,3.0,0,none,1.0
979,marianna_pilot,3.0,TrialDigitSpan,2.594064000000344,0,none,1.0
980,marianna_pilot,3.0,TrialDigitSpan,2.8733179999999265,1,none,1.0
981,marianna_pilot,3.0,TrialDigitSpan,3.0,0,SR-DS,2.0
982,marianna_pilot,3.0,TrialDigitSpan,2.2021450000002005,1,none,2.0
983,marianna_pilot,3.0,TrialDigitSpan,2.854370000000017,1,none,2.0
984,marianna_pilot,3.0,TrialDigitSpan,1.7393490000004022,1,none,2.0
985,marianna_pilot,3.0,TrialDigitSpan,2.3108210000000327,1,none,2.0
986,marianna_pilot,3.0,TrialDigitSpan,3.0,0,none,2.0
987,marianna_pilot,3.0,TrialDigitSpan,3.0,0,none,2.0
988,marianna_pilot,3.0,TrialDigitSpan,3.0,0,none,2.0
989,marianna_pilot,3.0,TrialDigitSpan,1.6825030000004517,1,none,2.0
990,marianna_pilot,3.0,TrialDigitSpan,3.0,0,SR-DS,3.0
991,marianna_pilot,3.0,TrialDigitSpan,1.8500559999997677,1,none,3.0
992,marianna_pilot,3.0,TrialDigitSpan,1.808165999999801,1,none,3.0
993,marianna_pilot,3.0,TrialDigitSpan,2.3267799999998715,1,none,3.0
994,marianna_pilot,3.0,TrialDigitSpan,2.142272999999932,1,none,3.0
995,marianna_pilot,3.0,TrialDigitSpan,3.0,0,none,3.0
996,marianna_pilot,3.0,TrialDigitSpan,1.8091640000002371,1,none,3.0
997,marianna_pilot,3.0,TrialDigitSpan,2.062485999999808,0,none,3.0
998,marianna_pilot,3.0,TrialSpatialRotation,1.8859569999999621,0,NONE-SR,1.0
999,marianna_pilot,3.0,TrialSpatialRotation,1.507966999999553,0,none,1.0
1000,marianna_pilot,3.0,TrialSpatialRotation,2.4614189999997507,1,none,1.0
1001,marianna_pilot,3.0,TrialSpatialRotation,1.7044419999997444,0,none,1.0
1002,marianna_pilot,3.0,TrialSpatialRotation,3.0,0,SS-SR,2.0
1003,marianna_pilot,3.0,TrialSpatialRotation,1.7573029999998653,0,none,2.0
1004,marianna_pilot,3.0,TrialSpatialRotation,1.4590999999995802,1,none,2.0
1005,marianna_pilot,3.0,TrialSpatialRotation,2.386619000000337,0,none,2.0
1006,marianna_pilot,3.0,TrialSpatialRotation,2.73070000000007,1,none,2.0
1007,marianna_pilot,3.0,TrialSpatialRotation,3.0,0,none,2.0
1008,marianna_pilot,3.0,TrialSpatialRotation,2.5122849999997925,1,SS-SR,3.0
1009,marianna_pilot,3.0,TrialSpatialRotation,2.3098250000002736,0,none,3.0
1010,marianna_pilot,3.0,TrialSpatialRotation,1.6475970000001325,1,none,3.0
1011,marianna_pilot,3.0,TrialSpatialRotation,1.5229300000000876,0,none,3.0
1012,marianna_pilot,3.0,TrialSpatialRotation,1.875985000000128,0,none,3.0
1013,marianna_pilot,3.0,TrialSpatialRotation,2.232032999999774,1,none,3.0
1014,marianna_pilot,3.0,TrialSpatialRotation,2.5541709999997693,1,none,3.0
1015,marianna_pilot,3.0,TrialSpatialRotation,2.4394790000001194,0,DS-SR,4.0
1016,marianna_pilot,3.0,TrialSpatialRotation,2.2699310000002697,0,none,4.0
1017,marianna_pilot,3.0,TrialSpatialRotation,2.3596919999995407,1,none,4.0
1018,marianna_pilot,3.0,TrialSpatialRotation,2.4394780000002356,0,none,4.0
1019,marianna_pilot,3.0,TrialSpatialRotation,2.751643999999942,1,none,4.0
1020,marianna_pilot,3.0,TrialSpatialRotation,1.3384210000003804,1,none,4.0
1021,marianna_pilot,3.0,TrialSpatialRotation,1.948790999999801,1,DS-SR,5.0
1022,marianna_pilot,3.0,TrialSpatialRotation,1.5478619999998955,1,none,5.0
1023,marianna_pilot,3.0,TrialSpatialRotation,2.367670999999973,1,none,5.0
1024,marianna_pilot,3.0,TrialSpatialSpan,1.8709979999998723,0,SR-SS,1.0
1025,marianna_pilot,3.0,TrialSpatialSpan,1.6515840000001845,1,none,1.0
1026,marianna_pilot,3.0,TrialSpatialSpan,1.0431799999996656,0,none,1.0
1027,marianna_pilot,3.0,TrialSpatialSpan,2.1811680000000706,1,none,1.0
1028,marianna_pilot,3.0,TrialSpatialSpan,1.5408819999997831,1,none,1.0
1029,marianna_pilot,3.0,TrialSpatialSpan,1.0122940000001108,1,none,1.0
1030,marianna_pilot,3.0,TrialSpatialSpan,1.6146849999995538,0,none,1.0
1031,marianna_pilot,3.0,TrialSpatialSpan,3.0,0,none,1.0
1032,marianna_pilot,3.0,TrialSpatialSpan,1.6595629999997072,1,none,1.0
1033,marianna_pilot,3.0,TrialSpatialSpan,2.251980000000003,0,DS-SS,2.0
1034,marianna_pilot,3.0,TrialSpatialSpan,2.6160079999999653,0,none,2.0
1035,marianna_pilot,3.0,TrialSpatialSpan,2.6728539999999157,0,none,2.0
1036,marianna_pilot,3.0,TrialSpatialSpan,1.4301759999998467,0,none,2.0
1037,marianna_pilot,3.0,TrialSpatialSpan,1.9198679999999513,0,none,2.0
1038,marianna_pilot,3.0,TrialSpatialSpan,2.211087999999563,1,none,2.0
1039,marianna_pilot,3.0,TrialSpatialSpan,1.6725289999999404,0,none,2.0
1040,marianna_pilot,3.0,TrialSpatialSpan,1.8800060000003214,1,none,2.0
1041,marianna_pilot,4.0,TrialDigitSpan,2.7845560000005207,1,SR-DS,1.0
1042,marianna_pilot,4.0,TrialDigitSpan,2.56015699999989,0,none,1.0
1043,marianna_pilot,4.0,TrialDigitSpan,3.0,0,none,1.0
1044,marianna_pilot,4.0,TrialDigitSpan,3.0,0,none,1.0
1045,marianna_pilot,4.0,TrialDigitSpan,2.103377000000364,1,none,1.0
1046,marianna_pilot,4.0,TrialDigitSpan,2.788546000000224,1,none,1.0
1047,marianna_pilot,4.0,TrialDigitSpan,2.9142080000001442,1,none,1.0
1048,marianna_pilot,4.0,TrialDigitSpan,1.4261899999996785,1,SS-DS,2.0
1049,marianna_pilot,4.0,TrialDigitSpan,1.352386000000024,1,none,2.0
1050,marianna_pilot,4.0,TrialDigitSpan,2.6559000000002015,1,none,2.0
1051,marianna_pilot,4.0,TrialDigitSpan,1.9288449999999102,1,none,2.0
1052,marianna_pilot,4.0,TrialDigitSpan,2.0395479999997406,1,none,2.0
1053,marianna_pilot,4.0,TrialDigitSpan,3.0,0,none,2.0
1054,marianna_pilot,4.0,TrialDigitSpan,1.9497879999998986,1,none,2.0
1055,marianna_pilot,4.0,TrialDigitSpan,2.1981250000008004,0,none,2.0
1056,marianna_pilot,4.0,TrialDigitSpan,3.0,0,none,2.0
1057,marianna_pilot,4.0,TrialSpatialRotation,2.3058359999999993,1,NONE-SR,1.0
1058,marianna_pilot,4.0,TrialSpatialRotation,2.375648000000183,1,none,1.0
1059,marianna_pilot,4.0,TrialSpatialRotation,3.0,0,none,1.0
1060,marianna_pilot,4.0,TrialSpatialRotation,2.7356870000003255,0,SS-SR,2.0
1061,marianna_pilot,4.0,TrialSpatialRotation,2.7735829999996895,1,none,2.0
1062,marianna_pilot,4.0,TrialSpatialRotation,2.0345589999997173,0,none,2.0
1063,marianna_pilot,4.0,TrialSpatialRotation,1.7882190000000264,0,none,2.0
1064,marianna_pilot,4.0,TrialSpatialRotation,3.0,0,none,2.0
1065,marianna_pilot,4.0,TrialSpatialRotation,2.247989000000416,0,none,2.0
1066,marianna_pilot,4.0,TrialSpatialRotation,2.1831640000000334,1,none,2.0
1067,marianna_pilot,4.0,TrialSpatialRotation,2.6808350000001155,0,none,2.0
1068,marianna_pilot,4.0,TrialSpatialRotation,1.5997229999998126,1,none,2.0
1069,marianna_pilot,4.0,TrialSpatialRotation,3.0,0,DS-SR,3.0
1070,marianna_pilot,4.0,TrialSpatialRotation,1.3574039999998604,0,none,3.0
1071,marianna_pilot,4.0,TrialSpatialRotation,3.0,0,none,3.0
1072,marianna_pilot,4.0,TrialSpatialRotation,1.751318000000083,1,none,3.0
1073,marianna_pilot,4.0,TrialSpatialRotation,2.276911999999811,0,none,3.0
1074,marianna_pilot,4.0,TrialSpatialRotation,2.1751849999991464,0,none,3.0
1075,marianna_pilot,4.0,TrialSpatialRotation,2.017606999999771,0,SS-SR,4.0
1076,marianna_pilot,4.0,TrialSpatialRotation,3.0,0,none,4.0
1077,marianna_pilot,4.0,TrialSpatialRotation,2.363680999999815,0,none,4.0
1078,marianna_pilot,4.0,TrialSpatialRotation,3.0,0,none,4.0
1079,marianna_pilot,4.0,TrialSpatialRotation,1.6805060000006051,0,none,4.0
1080,marianna_pilot,4.0,TrialSpatialRotation,1.5169450000003053,1,none,4.0
1081,marianna_pilot,4.0,TrialSpatialRotation,2.4324969999997847,0,none,4.0
1082,marianna_pilot,4.0,TrialSpatialRotation,3.0,0,none,4.0
1083,marianna_pilot,4.0,TrialSpatialRotation,2.1003850000001876,1,none,4.0
1084,marianna_pilot,4.0,TrialSpatialRotation,2.175184000000627,1,DS-SR,5.0
1085,marianna_pilot,4.0,TrialSpatialRotation,2.022592999999688,1,none,5.0
1086,marianna_pilot,4.0,TrialSpatialRotation,1.976716000000124,0,none,5.0
1087,marianna_pilot,4.0,TrialSpatialSpan,1.1259910000003401,0,SR-SS,1.0
1088,marianna_pilot,4.0,TrialSpatialSpan,1.679511000000275,0,none,1.0
1089,marianna_pilot,4.0,TrialSpatialSpan,1.951781999999639,0,none,1.0
1090,marianna_pilot,4.0,TrialSpatialSpan,3.0,0,none,1.0
1091,marianna_pilot,4.0,TrialSpatialSpan,2.3227920000003905,0,none,1.0
1092,marianna_pilot,4.0,TrialSpatialSpan,2.0734559999996236,0,none,1.0
1093,marianna_pilot,4.0,TrialSpatialSpan,3.0,0,SR-SS,2.0
1094,marianna_pilot,4.0,TrialSpatialSpan,1.8550400000008267,1,none,2.0
1095,marianna_pilot,4.0,TrialSpatialSpan,3.0,0,none,2.0
1096,marianna_pilot,4.0,TrialSpatialSpan,3.0,0,none,2.0
1097,marianna_pilot,4.0,TrialSpatialSpan,1.8031790000004548,0,none,2.0
1098,marianna_pilot,4.0,TrialSpatialSpan,1.8091639999997824,1,none,2.0
1099,marianna_pilot,4.0,TrialSpatialSpan,1.481040000000121,1,none,2.0
1100,marianna_pilot,4.0,TrialSpatialSpan,3.0,0,SR-SS,3.0
1101,marianna_pilot,4.0,TrialSpatialSpan,2.2559689999998227,0,none,3.0
1102,marianna_pilot,4.0,TrialSpatialSpan,2.2390140000002248,1,none,3.0
1103,marianna_pilot,4.0,TrialSpatialSpan,1.81016099999988,0,none,3.0
1104,marianna_pilot,4.0,TrialSpatialSpan,1.231706000000031,1,none,3.0
1105,marianna_pilot,4.0,TrialSpatialSpan,3.0,0,none,3.0
1106,marianna_pilot,4.0,TrialSpatialSpan,2.660887000000457,1,none,3.0
1107,marianna_pilot,4.0,TrialSpatialSpan,1.4760540000006586,1,none,3.0
1108,marianna_pilot,4.0,TrialSpatialSpan,2.8194629999993595,0,none,3.0
1109,phil_pilot,1.0,TrialDigitSpan,1.9836968999999982,1,SS-DS,1.0
1110,phil_pilot,1.0,TrialDigitSpan,2.226017999999982,1,none,1.0
1111,phil_pilot,1.0,TrialDigitSpan,2.144268299999993,1,none,1.0
1112,phil_pilot,1.0,TrialDigitSpan,3.0,0,none,1.0
1113,phil_pilot,1.0,TrialDigitSpan,2.017605000000003,0,none,1.0
1114,phil_pilot,1.0,TrialDigitSpan,2.2090954999999894,1,none,1.0
1115,phil_pilot,1.0,TrialDigitSpan,1.3104965999999934,1,none,1.0
1116,phil_pilot,1.0,TrialDigitSpan,1.956768000000011,1,none,1.0
1117,phil_pilot,1.0,TrialDigitSpan,2.1173403000000235,1,SS-DS,2.0
1118,phil_pilot,1.0,TrialDigitSpan,2.49832200000003,1,none,2.0
1119,phil_pilot,1.0,TrialDigitSpan,2.822454499999992,1,none,2.0
1120,phil_pilot,1.0,TrialDigitSpan,3.0,0,none,2.0
1121,phil_pilot,1.0,TrialDigitSpan,2.204106300000035,0,none,2.0
1122,phil_pilot,1.0,TrialDigitSpan,1.7971963999999616,1,none,2.0
1123,phil_pilot,1.0,TrialDigitSpan,1.7223954000000958,1,none,2.0
1124,phil_pilot,1.0,TrialDigitSpan,2.0445323000000144,1,none,2.0
1125,phil_pilot,1.0,TrialDigitSpan,1.7014511000000994,1,SS-DS,3.0
1126,phil_pilot,1.0,TrialDigitSpan,2.339745099999959,1,none,3.0
1127,phil_pilot,1.0,TrialDigitSpan,2.728706299999999,0,none,3.0
1128,phil_pilot,1.0,TrialDigitSpan,2.3726574999999457,1,none,3.0
1129,phil_pilot,1.0,TrialDigitSpan,2.227045799999928,1,none,3.0
1130,phil_pilot,1.0,TrialDigitSpan,2.861316200000033,1,none,3.0
1131,phil_pilot,1.0,TrialDigitSpan,1.8071679999999333,1,none,3.0
1132,phil_pilot,1.0,TrialDigitSpan,1.848059699999908,1,SR-DS,4.0
1133,phil_pilot,1.0,TrialDigitSpan,2.713746600000036,1,none,4.0
1134,phil_pilot,1.0,TrialDigitSpan,1.9577675000000454,1,none,4.0
1135,phil_pilot,1.0,TrialDigitSpan,1.5757859000001417,1,none,4.0
1136,phil_pilot,1.0,TrialSpatialRotation,2.0026440999999977,0,DS-SR,1.0
1137,phil_pilot,1.0,TrialSpatialRotation,1.6825027000000432,1,none,1.0
1138,phil_pilot,1.0,TrialSpatialRotation,3.0,0,none,1.0
1139,phil_pilot,1.0,TrialSpatialRotation,1.9577376999999387,1,none,1.0
1140,phil_pilot,1.0,TrialSpatialRotation,1.5867567000000236,0,none,1.0
1141,phil_pilot,1.0,TrialSpatialRotation,1.797228099999984,1,none,1.0
1142,phil_pilot,1.0,TrialSpatialRotation,1.2955370000000244,1,none,1.0
1143,phil_pilot,1.0,TrialSpatialRotation,1.8600258999999824,1,none,1.0
1144,phil_pilot,1.0,TrialSpatialRotation,2.311818800000026,0,none,1.0
1145,phil_pilot,1.0,TrialSpatialRotation,2.403574899999967,1,SS-SR,2.0
1146,phil_pilot,1.0,TrialSpatialRotation,1.9328336999999465,1,none,2.0
1147,phil_pilot,1.0,TrialSpatialRotation,1.9557718999999452,1,none,2.0
1148,phil_pilot,1.0,TrialSpatialRotation,1.8660117000000582,1,none,2.0
1149,phil_pilot,1.0,TrialSpatialRotation,1.7752540000001318,1,none,2.0
1150,phil_pilot,1.0,TrialSpatialRotation,1.987687400000027,1,none,2.0
1151,phil_pilot,1.0,TrialSpatialRotation,2.9102189999999837,0,none,2.0
1152,phil_pilot,1.0,TrialSpatialRotation,3.0,0,none,2.0
1153,phil_pilot,1.0,TrialSpatialRotation,2.649916399999938,1,none,2.0
1154,phil_pilot,1.0,TrialSpatialSpan,1.4571042099999971,1,NONE-SS,1.0
1155,phil_pilot,1.0,TrialSpatialSpan,1.6984624899999972,1,none,1.0
1156,phil_pilot,1.0,TrialSpatialSpan,1.8480610900000016,1,none,1.0
1157,phil_pilot,1.0,TrialSpatialSpan,1.0990612499999912,1,none,1.0
1158,phil_pilot,1.0,TrialSpatialSpan,1.4211988499999961,1,none,1.0
1159,phil_pilot,1.0,TrialSpatialSpan,3.0,0,none,1.0
1160,phil_pilot,1.0,TrialSpatialSpan,1.5348965999999677,1,SR-SS,2.0
1161,phil_pilot,1.0,TrialSpatialSpan,1.274591399999963,0,none,2.0
1162,phil_pilot,1.0,TrialSpatialSpan,1.5309069000000477,1,none,2.0
1163,phil_pilot,1.0,TrialSpatialSpan,1.7343320999999605,1,none,2.0
1164,phil_pilot,1.0,TrialSpatialSpan,2.6090242999999873,1,none,2.0
1165,phil_pilot,1.0,TrialSpatialSpan,2.094402300000013,1,none,2.0
1166,phil_pilot,1.0,TrialSpatialSpan,1.6805074000000104,0,DS-SS,3.0
1167,phil_pilot,1.0,TrialSpatialSpan,1.8999209999999493,0,none,3.0
1168,phil_pilot,1.0,TrialSpatialSpan,2.422524199999998,0,none,3.0
1169,phil_pilot,1.0,TrialSpatialSpan,1.1898181999999906,1,none,3.0
1170,phil_pilot,1.0,TrialSpatialSpan,2.2958631999999852,0,none,3.0
1171,phil_pilot,1.0,TrialSpatialSpan,2.088453500000014,0,none,3.0
1172,phil_pilot,1.0,TrialSpatialSpan,1.478049300000066,1,none,3.0
1173,phil_pilot,1.0,TrialSpatialSpan,2.736684299999979,1,none,3.0
1174,phil_pilot,1.0,TrialSpatialSpan,3.0,0,DS-SS,4.0
1175,phil_pilot,1.0,TrialSpatialSpan,2.1372546999999713,0,none,4.0
1176,phil_pilot,1.0,TrialSpatialSpan,2.2669398999998975,0,none,4.0
1177,phil_pilot,1.0,TrialSpatialSpan,3.0,0,none,4.0
1178,phil_pilot,1.0,TrialSpatialSpan,2.876310500000045,1,none,4.0
1179,phil_pilot,1.0,TrialSpatialSpan,1.48499779999986,1,none,4.0
1180,phil_pilot,1.0,TrialSpatialSpan,2.536219600000095,1,none,4.0
1181,phil_pilot,2.0,TrialDigitSpan,3.0,0,NONE-DS,1.0
1182,phil_pilot,2.0,TrialDigitSpan,2.166208000000097,1,none,1.0
1183,phil_pilot,2.0,TrialDigitSpan,2.7177360000002864,0,none,1.0
1184,phil_pilot,2.0,TrialDigitSpan,2.187151999999969,1,none,1.0
1185,phil_pilot,2.0,TrialDigitSpan,1.9916759999998703,1,SR-DS,2.0
1186,phil_pilot,2.0,TrialDigitSpan,1.6765159999999923,1,none,2.0
1187,phil_pilot,2.0,TrialDigitSpan,2.5850609999997687,1,none,2.0
1188,phil_pilot,2.0,TrialDigitSpan,2.5471930000001066,1,none,2.0
1189,phil_pilot,2.0,TrialDigitSpan,2.117340000000013,1,none,2.0
1190,phil_pilot,2.0,TrialDigitSpan,2.227044999999862,1,none,2.0
1191,phil_pilot,2.0,TrialDigitSpan,1.7333679999999276,1,none,2.0
1192,phil_pilot,2.0,TrialDigitSpan,2.251979000000347,1,SS-DS,3.0
1193,phil_pilot,2.0,TrialDigitSpan,2.3886139999999614,1,none,3.0
1194,phil_pilot,2.0,TrialDigitSpan,3.0,0,none,3.0
1195,phil_pilot,2.0,TrialDigitSpan,2.322789999999941,1,none,3.0
1196,phil_pilot,2.0,TrialDigitSpan,2.7027760000000853,1,none,3.0
1197,phil_pilot,2.0,TrialDigitSpan,1.813153000000284,1,none,3.0
1198,phil_pilot,2.0,TrialDigitSpan,1.917871999999761,1,none,3.0
1199,phil_pilot,2.0,TrialDigitSpan,2.0754510000001574,1,SR-DS,4.0
1200,phil_pilot,2.0,TrialDigitSpan,2.298823000000084,1,none,4.0
1201,phil_pilot,2.0,TrialDigitSpan,2.594063999999662,1,none,4.0
1202,phil_pilot,2.0,TrialDigitSpan,1.3992580000001453,1,none,4.0
1203,phil_pilot,2.0,TrialDigitSpan,2.491374000000178,1,none,4.0
1204,phil_pilot,2.0,TrialDigitSpan,1.8410779999996976,1,none,4.0
1205,phil_pilot,2.0,TrialDigitSpan,1.7154149999998936,1,none,4.0
1206,phil_pilot,2.0,TrialDigitSpan,1.5019850000001043,1,none,4.0
1207,phil_pilot,2.0,TrialDigitSpan,2.4564330000002883,0,none,4.0
1208,phil_pilot,2.0,TrialSpatialRotation,2.7666340000000673,0,DS-SR,1.0
1209,phil_pilot,2.0,TrialSpatialRotation,2.467405000000099,1,none,1.0
1210,phil_pilot,2.0,TrialSpatialRotation,2.3307680000000346,1,none,1.0
1211,phil_pilot,2.0,TrialSpatialRotation,2.8025390000000243,1,none,1.0
1212,phil_pilot,2.0,TrialSpatialRotation,2.119335000000092,1,none,1.0
1213,phil_pilot,2.0,TrialSpatialRotation,3.0,0,none,1.0
1214,phil_pilot,2.0,TrialSpatialRotation,1.7652799999998479,1,none,1.0
1215,phil_pilot,2.0,TrialSpatialRotation,3.0,0,SS-SR,2.0
1216,phil_pilot,2.0,TrialSpatialRotation,2.687815000000228,1,none,2.0
1217,phil_pilot,2.0,TrialSpatialRotation,3.0,0,none,2.0
1218,phil_pilot,2.0,TrialSpatialRotation,1.5159469999998691,1,none,2.0
1219,phil_pilot,2.0,TrialSpatialRotation,3.0,0,none,2.0
1220,phil_pilot,2.0,TrialSpatialRotation,1.4959999999998672,1,none,2.0
1221,phil_pilot,2.0,TrialSpatialRotation,2.2988880000000336,1,none,2.0
1222,phil_pilot,2.0,TrialSpatialRotation,1.7453349999998409,1,none,2.0
1223,phil_pilot,2.0,TrialSpatialRotation,1.6934719999999288,0,none,2.0
1224,phil_pilot,2.0,TrialSpatialRotation,2.144267000000127,0,DS-SR,3.0
1225,phil_pilot,2.0,TrialSpatialRotation,1.711422999999968,0,none,3.0
1226,phil_pilot,2.0,TrialSpatialRotation,2.139280000000099,1,none,3.0
1227,phil_pilot,2.0,TrialSpatialRotation,2.062485999999808,1,none,3.0
1228,phil_pilot,2.0,TrialSpatialRotation,2.297889999999825,1,none,3.0
1229,phil_pilot,2.0,TrialSpatialRotation,1.831103000000212,1,none,3.0
1230,phil_pilot,2.0,TrialSpatialRotation,2.1841609999999037,1,none,3.0
1231,phil_pilot,2.0,TrialSpatialRotation,2.7047349999998005,1,none,3.0
1232,phil_pilot,2.0,TrialSpatialRotation,1.8151169999998729,1,none,3.0
1233,phil_pilot,2.0,TrialSpatialRotation,1.7403489999996964,1,DS-SR,4.0
1234,phil_pilot,2.0,TrialSpatialRotation,2.68382500000007,1,none,4.0
1235,phil_pilot,2.0,TrialSpatialRotation,2.5481869999998707,1,none,4.0
1236,phil_pilot,2.0,TrialSpatialRotation,1.9218620000001465,0,none,4.0
1237,phil_pilot,2.0,TrialSpatialSpan,2.190174999999954,1,DS-SS,1.0
1238,phil_pilot,2.0,TrialSpatialSpan,2.8513769999999568,1,none,1.0
1239,phil_pilot,2.0,TrialSpatialSpan,3.0,0,none,1.0
1240,phil_pilot,2.0,TrialSpatialSpan,2.1761810000000423,0,none,1.0
1241,phil_pilot,2.0,TrialSpatialSpan,2.8244179999999233,0,none,1.0
1242,phil_pilot,2.0,TrialSpatialSpan,2.133295999999973,1,none,1.0
1243,phil_pilot,2.0,TrialSpatialSpan,2.575115000000096,1,none,1.0
1244,phil_pilot,2.0,TrialSpatialSpan,2.079441000000088,0,none,1.0
1245,phil_pilot,2.0,TrialSpatialSpan,2.464409999999816,0,SR-SS,2.0
1246,phil_pilot,2.0,TrialSpatialSpan,1.8241570000000138,1,none,2.0
1247,phil_pilot,2.0,TrialSpatialSpan,1.8849950000001172,1,none,2.0
1248,phil_pilot,2.0,TrialSpatialSpan,2.059492999999975,1,none,2.0
1249,phil_pilot,2.0,TrialSpatialSpan,2.115376999999853,1,none,2.0
1250,phil_pilot,2.0,TrialSpatialSpan,2.834421999999904,0,none,2.0
1251,phil_pilot,2.0,TrialSpatialSpan,1.8001870000002782,1,none,2.0
1252,phil_pilot,2.0,TrialSpatialSpan,2.63595099999975,1,none,2.0
1253,phil_pilot,2.0,TrialSpatialSpan,3.0,0,none,2.0
1254,phil_pilot,3.0,TrialDigitSpan,2.2819329999997535,1,SR-DS,1.0
1255,phil_pilot,3.0,TrialDigitSpan,2.236022999999932,1,none,1.0
1256,phil_pilot,3.0,TrialDigitSpan,1.3643220000003566,1,none,1.0
1257,phil_pilot,3.0,TrialDigitSpan,1.4511219999999412,1,none,1.0
1258,phil_pilot,3.0,TrialDigitSpan,1.921860999999808,1,none,1.0
1259,phil_pilot,3.0,TrialDigitSpan,2.5900739999997313,1,none,1.0
1260,phil_pilot,3.0,TrialDigitSpan,1.8739910000003874,1,none,1.0
1261,phil_pilot,3.0,TrialDigitSpan,1.4740909999995893,1,none,1.0
1262,phil_pilot,3.0,TrialDigitSpan,1.4052449999999226,1,none,1.0
1263,phil_pilot,3.0,TrialDigitSpan,1.637590000000273,1,SS-DS,2.0
1264,phil_pilot,3.0,TrialDigitSpan,2.4664370000004965,1,none,2.0
1265,phil_pilot,3.0,TrialDigitSpan,1.4970290000001114,1,none,2.0
1266,phil_pilot,3.0,TrialDigitSpan,2.109328000000005,1,none,2.0
1267,phil_pilot,3.0,TrialDigitSpan,2.491339999999582,1,none,2.0
1268,phil_pilot,3.0,TrialDigitSpan,2.2818990000000667,1,none,2.0
1269,phil_pilot,3.0,TrialDigitSpan,1.7393510000001697,1,none,2.0
1270,phil_pilot,3.0,TrialDigitSpan,1.5977290000000721,1,none,2.0
1271,phil_pilot,3.0,TrialDigitSpan,2.452444999999898,1,SR-DS,3.0
1272,phil_pilot,3.0,TrialDigitSpan,1.4979950000006284,1,none,3.0
1273,phil_pilot,3.0,TrialDigitSpan,1.923858999999993,1,none,3.0
1274,phil_pilot,3.0,TrialDigitSpan,1.5997230000002673,1,none,3.0
1275,phil_pilot,3.0,TrialSpatialRotation,1.784233000000313,1,NONE-SR,1.0
1276,phil_pilot,3.0,TrialSpatialRotation,1.8939640000003237,1,none,1.0
1277,phil_pilot,3.0,TrialSpatialRotation,1.9218640000003688,0,none,1.0
1278,phil_pilot,3.0,TrialSpatialRotation,2.8035369999997783,1,none,1.0
1279,phil_pilot,3.0,TrialSpatialRotation,2.958059999999932,1,none,1.0
1280,phil_pilot,3.0,TrialSpatialRotation,2.14526399999977,1,DS-SR,2.0
1281,phil_pilot,3.0,TrialSpatialRotation,1.4281820000001062,0,none,2.0
1282,phil_pilot,3.0,TrialSpatialRotation,2.6509139999998297,0,none,2.0
1283,phil_pilot,3.0,TrialSpatialRotation,2.204074999999648,1,none,2.0
1284,phil_pilot,3.0,TrialSpatialRotation,2.3466929999999593,0,none,2.0
1285,phil_pilot,3.0,TrialSpatialRotation,1.6844979999996212,1,none,2.0
1286,phil_pilot,3.0,TrialSpatialRotation,1.5688050000003386,0,none,2.0
1287,phil_pilot,3.0,TrialSpatialRotation,2.1193339999999807,0,none,2.0
1288,phil_pilot,3.0,TrialSpatialRotation,1.9867209999997613,1,none,2.0
1289,phil_pilot,3.0,TrialSpatialRotation,1.981670999999551,0,SS-SR,3.0
1290,phil_pilot,3.0,TrialSpatialRotation,2.5671689999999217,0,none,3.0
1291,phil_pilot,3.0,TrialSpatialRotation,2.3487199999999575,0,none,3.0
1292,phil_pilot,3.0,TrialSpatialRotation,2.0704640000003565,1,none,3.0
1293,phil_pilot,3.0,TrialSpatialRotation,2.4724230000001626,1,none,3.0
1294,phil_pilot,3.0,TrialSpatialRotation,1.9547419999994418,1,none,3.0
1295,phil_pilot,3.0,TrialSpatialRotation,1.603711000000203,1,none,3.0
1296,phil_pilot,3.0,TrialSpatialRotation,2.8892769999997654,0,SS-SR,4.0
1297,phil_pilot,3.0,TrialSpatialRotation,1.9697329999999056,0,none,4.0
1298,phil_pilot,3.0,TrialSpatialRotation,2.0784429999998792,0,none,4.0
1299,phil_pilot,3.0,TrialSpatialRotation,2.09742499999993,0,none,4.0
1300,phil_pilot,3.0,TrialSpatialRotation,1.968735999999808,1,none,4.0
1301,phil_pilot,3.0,TrialSpatialRotation,2.1801730000001953,1,none,4.0
1302,phil_pilot,3.0,TrialSpatialRotation,2.2449970000002395,1,none,4.0
1303,phil_pilot,3.0,TrialSpatialRotation,2.7366830000000846,0,none,4.0
1304,phil_pilot,3.0,TrialSpatialSpan,1.8699999999998909,1,DS-SS,1.0
1305,phil_pilot,3.0,TrialSpatialSpan,2.118336999999883,0,none,1.0
1306,phil_pilot,3.0,TrialSpatialSpan,2.0295740000001388,0,none,1.0
1307,phil_pilot,3.0,TrialSpatialSpan,2.3457290000001194,0,none,1.0
1308,phil_pilot,3.0,TrialSpatialSpan,1.6446039999996174,1,none,1.0
1309,phil_pilot,3.0,TrialSpatialSpan,3.0,0,none,1.0
1310,phil_pilot,3.0,TrialSpatialSpan,1.6136560000004465,1,SR-SS,2.0
1311,phil_pilot,3.0,TrialSpatialSpan,1.9258539999996174,0,none,2.0
1312,phil_pilot,3.0,TrialSpatialSpan,1.7493239999998877,1,none,2.0
1313,phil_pilot,3.0,TrialSpatialSpan,3.0,0,none,2.0
1314,phil_pilot,3.0,TrialSpatialSpan,1.8151480000001357,1,none,2.0
1315,phil_pilot,3.0,TrialSpatialSpan,2.3467259999997623,1,none,2.0
1316,phil_pilot,3.0,TrialSpatialSpan,2.447457000000213,0,none,2.0
1317,phil_pilot,3.0,TrialSpatialSpan,2.147259999999733,1,none,2.0
1318,phil_pilot,3.0,TrialSpatialSpan,1.782235000000128,1,none,2.0
1319,phil_pilot,3.0,TrialSpatialSpan,2.360685999999532,1,SR-SS,3.0
1320,phil_pilot,3.0,TrialSpatialSpan,1.3703380000001744,1,none,3.0
1321,phil_pilot,3.0,TrialSpatialSpan,2.4923359999997956,1,none,3.0
1322,phil_pilot,3.0,TrialSpatialSpan,1.7194049999998242,1,none,3.0
1323,phil_pilot,3.0,TrialSpatialSpan,2.007665000000088,1,none,3.0
1324,phil_pilot,3.0,TrialSpatialSpan,2.6778410000001713,0,none,3.0
1325,phil_pilot,3.0,TrialSpatialSpan,1.2317069999999148,1,none,3.0
1326,phil_pilot,3.0,TrialSpatialSpan,1.3414130000001023,1,none,3.0
1327,phil_pilot,3.0,TrialSpatialSpan,2.5182660000000396,0,none,3.0
1328,phil_pilot,4.0,TrialDigitSpan,2.109360000000379,1,NONE-DS,1.0
1329,phil_pilot,4.0,TrialDigitSpan,1.3254570000003696,1,none,1.0
1330,phil_pilot,4.0,TrialDigitSpan,2.0255849999994098,1,none,1.0
1331,phil_pilot,4.0,TrialDigitSpan,1.124992999999904,1,none,1.0
1332,phil_pilot,4.0,TrialSpatialRotation,2.348718999999619,1,SS-SR,1.0
1333,phil_pilot,4.0,TrialSpatialRotation,1.8450679999996282,1,none,1.0
1334,phil_pilot,4.0,TrialSpatialSpan,1.5588300000003983,1,DS-SS,1.0
1335,phil_pilot,4.0,TrialSpatialSpan,1.610696000000189,1,none,1.0
1336,phil_pilot,4.0,TrialSpatialSpan,2.7267099999990023,1,none,1.0
1337,phil_pilot,4.0,TrialSpatialSpan,2.2619509999999536,1,none,1.0
1338,phil_pilot,4.0,TrialSpatialSpan,1.5109600000000682,1,none,1.0
1339,phil_pilot,4.0,TrialSpatialSpan,2.0874199999993834,1,none,1.0
